target,method,sample_rate_hz,taps,fft_size,phase_delay_samples,sample_index,peak_index,peak_aligned_index,coefficient,normalised_coefficient
parametric-eq,budde-iterative,48000,129,1024,16,0,16,-16,-4.58858385e-08,-4.40121108e-08
parametric-eq,budde-iterative,48000,129,1024,16,1,16,-15,-3.71898687e-08,-3.56712371e-08
parametric-eq,budde-iterative,48000,129,1024,16,2,16,-14,-1.95687169e-08,-1.87696371e-08
parametric-eq,budde-iterative,48000,129,1024,16,3,16,-13,-7.61262975e-10,-7.30177141e-10
parametric-eq,budde-iterative,48000,129,1024,16,4,16,-12,9.18524417e-09,8.81016883e-09
parametric-eq,budde-iterative,48000,129,1024,16,5,16,-11,6.29693961e-10,6.0398069e-10
parametric-eq,budde-iterative,48000,129,1024,16,6,16,-10,-3.23790284e-08,-3.10568453e-08
parametric-eq,budde-iterative,48000,129,1024,16,7,16,-9,-8.90437929e-08,-8.54077295e-08
parametric-eq,budde-iterative,48000,129,1024,16,8,16,-8,-1.59899066e-07,-1.53369659e-07
parametric-eq,budde-iterative,48000,129,1024,16,9,16,-7,-2.26843216e-07,-2.17580175e-07
parametric-eq,budde-iterative,48000,129,1024,16,10,16,-6,-2.65607065e-07,-2.54761119e-07
parametric-eq,budde-iterative,48000,129,1024,16,11,16,-5,-2.50618064e-07,-2.40384187e-07
parametric-eq,budde-iterative,48000,129,1024,16,12,16,-4,-1.61595351e-07,-1.54996677e-07
parametric-eq,budde-iterative,48000,129,1024,16,13,16,-3,9.37763133e-09,8.99469994e-09
parametric-eq,budde-iterative,48000,129,1024,16,14,16,-2,2.51958646e-07,2.41670027e-07
parametric-eq,budde-iterative,48000,129,1024,16,15,16,-1,5.34569912e-07,5.12740989e-07
parametric-eq,budde-iterative,48000,129,1024,16,16,16,0,1.042573,1
parametric-eq,budde-iterative,48000,129,1024,16,17,16,1,0.0798987487,0.076636119
parametric-eq,budde-iterative,48000,129,1024,16,18,16,2,0.0630755038,0.0604998438
parametric-eq,budde-iterative,48000,129,1024,16,19,16,3,0.0353841645,0.033939268
parametric-eq,budde-iterative,48000,129,1024,16,20,16,4,0.00124295829,0.00119220264
parametric-eq,budde-iterative,48000,129,1024,16,21,16,5,-0.0337148617,-0.0323381304
parametric-eq,budde-iterative,48000,129,1024,16,22,16,6,-0.0636336402,-0.0610351889
parametric-eq,budde-iterative,48000,129,1024,16,23,16,7,-0.0834772103,-0.0800684558
parametric-eq,budde-iterative,48000,129,1024,16,24,16,8,-0.0899234827,-0.0862514975
parametric-eq,budde-iterative,48000,129,1024,16,25,16,9,-0.0819446964,-0.0785985214
parametric-eq,budde-iterative,48000,129,1024,16,26,16,10,-0.0609685058,-0.0584788841
parametric-eq,budde-iterative,48000,129,1024,16,27,16,11,-0.0305966878,-0.0293472857
parametric-eq,budde-iterative,48000,129,1024,16,28,16,12,0.00405762985,0.00389193834
parametric-eq,budde-iterative,48000,129,1024,16,29,16,13,0.0372835205,0.0357610646
parametric-eq,budde-iterative,48000,129,1024,16,30,16,14,0.0637636422,0.0611598824
parametric-eq,budde-iterative,48000,129,1024,16,31,16,15,0.0794628369,0.0762180075
parametric-eq,budde-iterative,48000,129,1024,16,32,16,16,0.0822600315,0.0789009799
parametric-eq,budde-iterative,48000,129,1024,16,33,16,17,0.0722235592,0.0692743424
parametric-eq,budde-iterative,48000,129,1024,16,34,16,18,0.0514996097,0.0493966461
parametric-eq,budde-iterative,48000,129,1024,16,35,16,19,0.0238540011,0.0228799337
parametric-eq,budde-iterative,48000,129,1024,16,36,16,20,-0.00603312291,-0.00578676304
parametric-eq,budde-iterative,48000,129,1024,16,37,16,21,-0.0333837299,-0.0320205202
parametric-eq,budde-iterative,48000,129,1024,16,38,16,22,-0.0541033077,-0.0518940234
parametric-eq,budde-iterative,48000,129,1024,16,39,16,23,-0.0653978678,-0.0627273751
parametric-eq,budde-iterative,48000,129,1024,16,40,16,24,-0.0661351365,-0.0634345378
parametric-eq,budde-iterative,48000,129,1024,16,41,16,25,-0.0569091884,-0.0545853271
parametric-eq,budde-iterative,48000,129,1024,16,42,16,26,-0.0398210373,-0.0381949631
parametric-eq,budde-iterative,48000,129,1024,16,43,16,27,-0.0180340691,-0.0172976559
parametric-eq,budde-iterative,48000,129,1024,16,44,16,28,0.00480464427,0.00460844877
parametric-eq,budde-iterative,48000,129,1024,16,45,16,29,0.0251722053,0.0241443096
parametric-eq,budde-iterative,48000,129,1024,16,46,16,30,0.0402068263,0.0385649985
parametric-eq,budde-iterative,48000,129,1024,16,47,16,31,0.0480945605,0.0461306406
parametric-eq,budde-iterative,48000,129,1024,16,48,16,32,0.0482582311,0.0462876278
parametric-eq,budde-iterative,48000,129,1024,16,49,16,33,0.0413371377,0.0396491542
parametric-eq,budde-iterative,48000,129,1024,16,50,16,34,0.0289804386,0.0277970353
parametric-eq,budde-iterative,48000,129,1024,16,51,16,35,0.0135042303,0.0129527911
parametric-eq,budde-iterative,48000,129,1024,16,52,16,36,-0.00252127637,-0.00241832118
parametric-eq,budde-iterative,48000,129,1024,16,53,16,37,-0.0166838764,-0.0160025978
parametric-eq,budde-iterative,48000,129,1024,16,54,16,38,-0.0270774687,-0.0259717724
parametric-eq,budde-iterative,48000,129,1024,16,55,16,39,-0.0325391979,-0.0312104743
parametric-eq,budde-iterative,48000,129,1024,16,56,16,40,-0.0327506241,-0.031413267
parametric-eq,budde-iterative,48000,129,1024,16,57,16,41,-0.0282013545,-0.0270497648
parametric-eq,budde-iterative,48000,129,1024,16,58,16,42,-0.0200347623,-0.0192166517
parametric-eq,budde-iterative,48000,129,1024,16,59,16,43,-0.00981132772,-0.00941068654
parametric-eq,budde-iterative,48000,129,1024,16,60,16,44,0.000766080388,0.000734797838
parametric-eq,budde-iterative,48000,129,1024,16,61,16,45,0.0101195935,0.00970636443
parametric-eq,budde-iterative,48000,129,1024,16,62,16,46,0.0170169547,0.016322075
parametric-eq,budde-iterative,48000,129,1024,16,63,16,47,0.0207171995,0.0198712219
parametric-eq,budde-iterative,48000,129,1024,16,64,16,48,0.0210275906,0.0201689383
parametric-eq,budde-iterative,48000,129,1024,16,65,16,49,0.0182728611,0.017526697
parametric-eq,budde-iterative,48000,129,1024,16,66,16,50,0.0131909043,0.0126522597
parametric-eq,budde-iterative,48000,129,1024,16,67,16,51,0.00677856133,0.0065017618
parametric-eq,budde-iterative,48000,129,1024,16,68,16,52,0.000116044174,0.000111305562
parametric-eq,budde-iterative,48000,129,1024,16,69,16,53,-0.00580142598,-0.00556452734
parametric-eq,budde-iterative,48000,129,1024,16,70,16,54,-0.0102004663,-0.00978393481
parametric-eq,budde-iterative,48000,129,1024,16,71,16,55,-0.0126180257,-0.0121027742
parametric-eq,budde-iterative,48000,129,1024,16,72,16,56,-0.0129338423,-0.0124056946
parametric-eq,budde-iterative,48000,129,1024,16,73,16,57,-0.0113484555,-0.0108850464
parametric-eq,budde-iterative,48000,129,1024,16,74,16,58,-0.008316333,-0.00797673926
parametric-eq,budde-iterative,48000,129,1024,16,75,16,59,-0.00444928504,-0.00426760048
parametric-eq,budde-iterative,48000,129,1024,16,76,16,60,-0.00040801246,-0.000391351454
parametric-eq,budde-iterative,48000,129,1024,16,77,16,61,0.00320068973,0.003069991
parametric-eq,budde-iterative,48000,129,1024,16,78,16,62,0.00590647269,0.00566528452
parametric-eq,budde-iterative,48000,129,1024,16,79,16,63,0.0074278887,0.00712457419
parametric-eq,budde-iterative,48000,129,1024,16,80,16,64,0.00769060807,0.00737656553
parametric-eq,budde-iterative,48000,129,1024,16,81,16,65,0.00681286181,0.00653466164
parametric-eq,budde-iterative,48000,129,1024,16,82,16,66,0.00506428756,0.00485748964
parametric-eq,budde-iterative,48000,129,1024,16,83,16,67,0.00280756565,0.00269291996
parametric-eq,budde-iterative,48000,129,1024,16,84,16,68,0.000433636733,0.000415929371
parametric-eq,budde-iterative,48000,129,1024,16,85,16,69,-0.00169909605,-0.00162971422
parametric-eq,budde-iterative,48000,129,1024,16,86,16,70,-0.00331307775,-0.0031777897
parametric-eq,budde-iterative,48000,129,1024,16,87,16,71,-0.00424185735,-0.004068643
parametric-eq,budde-iterative,48000,129,1024,16,88,16,72,-0.0044401179,-0.00425880767
parametric-eq,budde-iterative,48000,129,1024,16,89,16,73,-0.0039745988,-0.00381229784
parametric-eq,budde-iterative,48000,129,1024,16,90,16,74,-0.00299972627,-0.00287723379
parametric-eq,budde-iterative,48000,129,1024,16,91,16,75,-0.00172354669,-0.00165316643
parametric-eq,budde-iterative,48000,129,1024,16,92,16,76,-0.000370267579,-0.000355147868
parametric-eq,budde-iterative,48000,129,1024,16,93,16,77,0.000854613669,0.000819715902
parametric-eq,budde-iterative,48000,129,1024,16,94,16,78,0.00179178905,0.00171862215
parametric-eq,budde-iterative,48000,129,1024,16,95,16,79,0.00234515947,0.00224939593
parametric-eq,budde-iterative,48000,129,1024,16,96,16,80,0.00248728981,0.00238572245
parametric-eq,budde-iterative,48000,129,1024,16,97,16,81,0.00225405889,0.0021620154
parametric-eq,budde-iterative,48000,129,1024,16,98,16,82,0.00173076222,0.00166008732
parametric-eq,budde-iterative,48000,129,1024,16,99,16,83,0.00103288504,0.000990707641
parametric-eq,budde-iterative,48000,129,1024,16,100,16,84,0.000285110315,0.000273467962
parametric-eq,budde-iterative,48000,129,1024,16,101,16,85,-0.000398103252,-0.000381846884
parametric-eq,budde-iterative,48000,129,1024,16,102,16,86,-0.000927733599,-0.000889850013
parametric-eq,budde-iterative,48000,129,1024,16,103,16,87,-0.00124954962,-0.00119852482
parametric-eq,budde-iterative,48000,129,1024,16,104,16,88,-0.00134705678,-0.00129205032
parametric-eq,budde-iterative,48000,129,1024,16,105,16,89,-0.0012385088,-0.00118793485
parametric-eq,budde-iterative,48000,129,1024,16,106,16,90,-0.000969269785,-0.000929690086
parametric-eq,budde-iterative,48000,129,1024,16,107,16,91,-0.000601315088,-0.000576760655
parametric-eq,budde-iterative,48000,129,1024,16,108,16,92,-0.000201825135,-0.000193583696
parametric-eq,budde-iterative,48000,129,1024,16,109,16,93,0.000167321624,0.00016048912
parametric-eq,budde-iterative,48000,129,1024,16,110,16,94,0.000457745274,0.00043905345
parametric-eq,budde-iterative,48000,129,1024,16,111,16,95,0.000639586128,0.000613468914
parametric-eq,budde-iterative,48000,129,1024,16,112,16,96,0.000703082488,0.000674372429
parametric-eq,budde-iterative,48000,129,1024,16,113,16,97,1.02752687e-09,9.85568274e-10
parametric-eq,budde-iterative,48000,129,1024,16,114,16,98,4.4282373e-10,4.24741221e-10
parametric-eq,budde-iterative,48000,129,1024,16,115,16,99,5.17450841e-12,4.96320967e-12
parametric-eq,budde-iterative,48000,129,1024,16,116,16,100,-2.47045097e-10,-2.36957121e-10
parametric-eq,budde-iterative,48000,129,1024,16,117,16,101,-3.28245486e-10,-3.14841729e-10
parametric-eq,budde-iterative,48000,129,1024,16,118,16,102,-2.86588556e-10,-2.7488584e-10
parametric-eq,budde-iterative,48000,129,1024,16,119,16,103,-1.82748442e-10,-1.75285991e-10
parametric-eq,budde-iterative,48000,129,1024,16,120,16,104,-7.16843177e-11,-6.87571207e-11
parametric-eq,budde-iterative,48000,129,1024,16,121,16,105,9.22063825e-12,8.84411761e-12
parametric-eq,budde-iterative,48000,129,1024,16,122,16,106,4.44918321e-11,4.26750281e-11
parametric-eq,budde-iterative,48000,129,1024,16,123,16,107,3.81884004e-11,3.66289941e-11
parametric-eq,budde-iterative,48000,129,1024,16,124,16,108,7.02400988e-12,6.73718757e-12
parametric-eq,budde-iterative,48000,129,1024,16,125,16,109,-2.82219713e-11,-2.70695397e-11
parametric-eq,budde-iterative,48000,129,1024,16,126,16,110,-5.03880134e-11,-4.83304414e-11
parametric-eq,budde-iterative,48000,129,1024,16,127,16,111,-5.08578366e-11,-4.87810796e-11
parametric-eq,budde-iterative,48000,129,1024,16,128,16,112,-3.09440954e-11,-2.96805071e-11
parametric-eq,phase-interpolation,48000,129,1024,16,0,16,-16,0.0113452687,0.0107991138
parametric-eq,phase-interpolation,48000,129,1024,16,1,16,-15,0.0115209875,0.0109663736
parametric-eq,phase-interpolation,48000,129,1024,16,2,16,-14,0.00979905491,0.00932733389
parametric-eq,phase-interpolation,48000,129,1024,16,3,16,-13,0.00628432242,0.00598179866
parametric-eq,phase-interpolation,48000,129,1024,16,4,16,-12,0.00140788027,0.0013401057
parametric-eq,phase-interpolation,48000,129,1024,16,5,16,-11,-0.00411928722,-0.00392098704
parametric-eq,phase-interpolation,48000,129,1024,16,6,16,-10,-0.0094092802,-0.00895632272
parametric-eq,phase-interpolation,48000,129,1024,16,7,16,-9,-0.0135424773,-0.01289055
parametric-eq,phase-interpolation,48000,129,1024,16,8,16,-8,-0.0157308734,-0.014973598
parametric-eq,phase-interpolation,48000,129,1024,16,9,16,-7,-0.0154698511,-0.0147251411
parametric-eq,phase-interpolation,48000,129,1024,16,10,16,-6,-0.0126485737,-0.0120396784
parametric-eq,phase-interpolation,48000,129,1024,16,11,16,-5,-0.0075951017,-0.00722947776
parametric-eq,phase-interpolation,48000,129,1024,16,12,16,-4,-0.00104347001,-0.000993237943
parametric-eq,phase-interpolation,48000,129,1024,16,13,16,-3,0.00597561825,0.00568795533
parametric-eq,phase-interpolation,48000,129,1024,16,14,16,-2,0.012303902,0.0117115991
parametric-eq,phase-interpolation,48000,129,1024,16,15,16,-1,0.0168555097,0.0160440949
parametric-eq,phase-interpolation,48000,129,1024,16,16,16,0,1.05057405,1
parametric-eq,phase-interpolation,48000,129,1024,16,17,16,1,0.0770757806,0.0733653957
parametric-eq,phase-interpolation,48000,129,1024,16,18,16,2,0.0600899455,0.0571972491
parametric-eq,phase-interpolation,48000,129,1024,16,19,16,3,0.0329986158,0.0314100809
parametric-eq,phase-interpolation,48000,129,1024,16,20,16,4,0.000193050033,0.000183756712
parametric-eq,phase-interpolation,48000,129,1024,16,21,16,5,-0.0329026714,-0.0313187552
parametric-eq,phase-interpolation,48000,129,1024,16,22,16,6,-0.0607870205,-0.0578607673
parametric-eq,phase-interpolation,48000,129,1024,16,23,16,7,-0.0788510671,-0.0750552209
parametric-eq,phase-interpolation,48000,129,1024,16,24,16,8,-0.084182054,-0.080129577
parametric-eq,phase-interpolation,48000,129,1024,16,25,16,9,-0.076053253,-0.072392092
parametric-eq,phase-interpolation,48000,129,1024,16,26,16,10,-0.0560150133,-0.0533184819
parametric-eq,phase-interpolation,48000,129,1024,16,27,16,11,-0.0275791497,-0.0262515048
parametric-eq,phase-interpolation,48000,129,1024,16,28,16,12,0.00443471522,0.00422123051
parametric-eq,phase-interpolation,48000,129,1024,16,29,16,13,0.0347616424,0.0330882364
parametric-eq,phase-interpolation,48000,129,1024,16,30,16,14,0.0585999687,0.055778999
parametric-eq,phase-interpolation,48000,129,1024,16,31,16,15,0.0724020384,0.0689166448
parametric-eq,phase-interpolation,48000,129,1024,16,32,16,16,0.0744126787,0.070830494
parametric-eq,phase-interpolation,48000,129,1024,16,33,16,17,0.0648738937,0.0617509008
parametric-eq,phase-interpolation,48000,129,1024,16,34,16,18,0.0458789114,0.0436703263
parametric-eq,phase-interpolation,48000,129,1024,16,35,16,19,0.0209221752,0.0199149934
parametric-eq,phase-interpolation,48000,129,1024,16,36,16,20,-0.00575759433,-0.00548042697
parametric-eq,phase-interpolation,48000,129,1024,16,37,16,21,-0.0299148545,-0.0284747702
parametric-eq,phase-interpolation,48000,129,1024,16,38,16,22,-0.0479843467,-0.0456744072
parametric-eq,phase-interpolation,48000,129,1024,16,39,16,23,-0.0576060178,-0.0548328964
parametric-eq,phase-interpolation,48000,129,1024,16,40,16,24,-0.0579128791,-0.0551249855
parametric-eq,phase-interpolation,48000,129,1024,16,41,16,25,-0.0495535544,-0.047168074
parametric-eq,phase-interpolation,48000,129,1024,16,42,16,26,-0.0344684122,-0.0328091222
parametric-eq,phase-interpolation,48000,129,1024,16,43,16,27,-0.0154775785,-0.0147324965
parametric-eq,phase-interpolation,48000,129,1024,16,44,16,28,0.00423521646,0.00403133551
parametric-eq,phase-interpolation,48000,129,1024,16,45,16,29,0.0216499951,0.0206077765
parametric-eq,phase-interpolation,48000,129,1024,16,46,16,30,0.0343634968,0.0327092573
parametric-eq,phase-interpolation,48000,129,1024,16,47,16,31,0.0409028279,0.0389337886
parametric-eq,phase-interpolation,48000,129,1024,16,48,16,32,0.0408639416,0.0388967744
parametric-eq,phase-interpolation,48000,129,1024,16,49,16,33,0.0348708,0.0331921393
parametric-eq,phase-interpolation,48000,129,1024,16,50,16,34,0.0243799547,0.0232063173
parametric-eq,phase-interpolation,48000,129,1024,16,51,16,35,0.0113770028,0.0108293203
parametric-eq,phase-interpolation,48000,129,1024,16,52,16,36,-0.00197670952,-0.00188155183
parametric-eq,phase-interpolation,48000,129,1024,16,53,16,37,-0.0136873918,-0.0130284884
parametric-eq,phase-interpolation,48000,129,1024,16,54,16,38,-0.0222105088,-0.0211413073
parametric-eq,phase-interpolation,48000,129,1024,16,55,16,39,-0.0266345033,-0.0253523332
parametric-eq,phase-interpolation,48000,129,1024,16,56,16,40,-0.0267492881,-0.0254615923
parametric-eq,phase-interpolation,48000,129,1024,16,57,16,41,-0.0230018272,-0.0218945321
parametric-eq,phase-interpolation,48000,129,1024,16,58,16,42,-0.0163580816,-0.0155706128
parametric-eq,phase-interpolation,48000,129,1024,16,59,16,43,-0.00810263357,-0.00771257733
parametric-eq,phase-interpolation,48000,129,1024,16,60,16,44,0.000386828364,0.000368206663
parametric-eq,phase-interpolation,48000,129,1024,16,61,16,45,0.00785344907,0.00747538843
parametric-eq,phase-interpolation,48000,129,1024,16,62,16,46,0.0133328386,0.0126910032
parametric-eq,phase-interpolation,48000,129,1024,16,63,16,47,0.0162615925,0.0154787686
parametric-eq,phase-interpolation,48000,129,1024,16,64,16,48,0.0165138063,0.015718841
parametric-eq,phase-interpolation,48000,129,1024,16,65,16,49,0.0143685359,0.0136768426
parametric-eq,phase-interpolation,48000,129,1024,16,66,16,50,0.0104211608,0.00991949192
parametric-eq,phase-interpolation,48000,129,1024,16,67,16,51,0.00545847359,0.00519570573
parametric-eq,phase-interpolation,48000,129,1024,16,68,16,52,0.000320388538,0.000304965213
parametric-eq,phase-interpolation,48000,129,1024,16,69,16,53,-0.00422957705,-0.00402596758
parametric-eq,phase-interpolation,48000,129,1024,16,70,16,54,-0.00760687124,-0.00724068072
parametric-eq,phase-interpolation,48000,129,1024,16,71,16,55,-0.00946957593,-0.00901371585
parametric-eq,phase-interpolation,48000,129,1024,16,72,16,56,-0.00973848832,-0.00926968294
parametric-eq,phase-interpolation,48000,129,1024,16,73,16,57,-0.00857600775,-0.00816316354
parametric-eq,phase-interpolation,48000,129,1024,16,74,16,58,-0.0063320697,-0.00602724741
parametric-eq,phase-interpolation,48000,129,1024,16,75,16,59,-0.00346925779,-0.00330224967
parametric-eq,phase-interpolation,48000,129,1024,16,76,16,60,-0.000480810026,-0.000457664101
parametric-eq,phase-interpolation,48000,129,1024,16,77,16,61,0.0021854353,0.00208022967
parametric-eq,phase-interpolation,48000,129,1024,16,78,16,62,0.00418664999,0.003985107
parametric-eq,phase-interpolation,48000,129,1024,16,79,16,63,0.00532147179,0.00506529911
parametric-eq,phase-interpolation,48000,129,1024,16,80,16,64,0.00554090793,0.00527417173
parametric-eq,phase-interpolation,48000,129,1024,16,81,16,65,0.00493540436,0.00469781676
parametric-eq,phase-interpolation,48000,129,1024,16,82,16,66,0.00370312272,0.00352485646
parametric-eq,phase-interpolation,48000,129,1024,16,83,16,67,0.00210660127,0.00200519067
parametric-eq,phase-interpolation,48000,129,1024,16,84,16,68,0.000425754146,0.00040525858
parametric-eq,phase-interpolation,48000,129,1024,16,85,16,69,-0.00108535235,-0.00103310409
parametric-eq,phase-interpolation,48000,129,1024,16,86,16,70,-0.00223206754,-0.00212461706
parametric-eq,phase-interpolation,48000,129,1024,16,87,16,71,-0.0028994195,-0.00275984307
parametric-eq,phase-interpolation,48000,129,1024,16,88,16,72,-0.00305789841,-0.00291069289
parametric-eq,phase-interpolation,48000,129,1024,16,89,16,73,-0.00275589742,-0.00262323006
parametric-eq,phase-interpolation,48000,129,1024,16,90,16,74,-0.00210177399,-0.00200059577
parametric-eq,phase-interpolation,48000,129,1024,16,91,16,75,-0.00123962465,-0.00117994981
parametric-eq,phase-interpolation,48000,129,1024,16,92,16,76,-0.000323229017,-0.000307668953
parametric-eq,phase-interpolation,48000,129,1024,16,93,16,77,0.000507735399,0.000483293301
parametric-eq,phase-interpolation,48000,129,1024,16,94,16,78,0.00114602233,0.00109085345
parametric-eq,phase-interpolation,48000,129,1024,16,95,16,79,0.00152776634,0.00145422052
parametric-eq,phase-interpolation,48000,129,1024,16,96,16,80,0.001635499,0.00155676699
parametric-eq,phase-interpolation,48000,129,1024,16,97,16,81,0.00149393313,0.00142201603
parametric-eq,phase-interpolation,48000,129,1024,16,98,16,82,0.00116018725,0.00110433648
parametric-eq,phase-interpolation,48000,129,1024,16,99,16,83,0.00071070225,0.000676489441
parametric-eq,phase-interpolation,48000,129,1024,16,100,16,84,0.000227262928,0.000216322618
parametric-eq,phase-interpolation,48000,129,1024,16,101,16,85,-0.000215686029,-0.000205303024
parametric-eq,phase-interpolation,48000,129,1024,16,102,16,86,-0.0005607558,-0.00053376133
parametric-eq,phase-interpolation,48000,129,1024,16,103,16,87,-0.00077337585,-0.00073614597
parametric-eq,phase-interpolation,48000,129,1024,16,104,16,88,-0.000843350495,-0.000802752074
parametric-eq,phase-interpolation,48000,129,1024,16,105,16,89,-0.000782617343,-0.000744942582
parametric-eq,phase-interpolation,48000,129,1024,16,106,16,90,-0.000620115352,-0.000590263346
parametric-eq,phase-interpolation,48000,129,1024,16,107,16,91,-0.000394959295,-0.000375946175
parametric-eq,phase-interpolation,48000,129,1024,16,108,16,92,-0.000149184416,-0.000142002762
parametric-eq,phase-interpolation,48000,129,1024,16,109,16,93,7.88062069e-05,7.50125203e-05
parametric-eq,phase-interpolation,48000,129,1024,16,110,16,94,0.000259238542,0.000246758943
parametric-eq,phase-interpolation,48000,129,1024,16,111,16,95,0.00037391854,0.000355918311
parametric-eq,phase-interpolation,48000,129,1024,16,112,16,96,0.000417026194,0.000396950787
parametric-eq,phase-interpolation,48000,129,1024,16,113,16,97,0.000393977929,0.000375012052
parametric-eq,phase-interpolation,48000,129,1024,16,114,16,98,0.000318832263,0.000303483856
parametric-eq,phase-interpolation,48000,129,1024,16,115,16,99,0.000210853127,0.000200702775
parametric-eq,phase-interpolation,48000,129,1024,16,116,16,100,9.08711609e-05,8.64966741e-05
parametric-eq,phase-interpolation,48000,129,1024,16,117,16,101,-2.19901403e-05,-2.09315473e-05
parametric-eq,phase-interpolation,48000,129,1024,16,118,16,102,-0.000112802412,-0.000107372167
parametric-eq,phase-interpolation,48000,129,1024,16,119,16,103,-0.000172298281,-0.000164003938
parametric-eq,phase-interpolation,48000,129,1024,16,120,16,104,-0.000197268624,-0.000187772223
parametric-eq,phase-interpolation,48000,129,1024,16,121,16,105,-0.000190010271,-0.000180863283
parametric-eq,phase-interpolation,48000,129,1024,16,122,16,106,-0.000157063742,-0.000149502781
parametric-eq,phase-interpolation,48000,129,1024,16,123,16,107,-0.000107545491,-0.000102368311
parametric-eq,phase-interpolation,48000,129,1024,16,124,16,108,-5.13879521e-05,-4.89141648e-05
parametric-eq,phase-interpolation,48000,129,1024,16,125,16,109,2.23861837e-06,2.13085254e-06
parametric-eq,phase-interpolation,48000,129,1024,16,126,16,110,4.61219143e-05,4.39016312e-05
parametric-eq,phase-interpolation,48000,129,1024,16,127,16,111,7.57111518e-05,7.20664593e-05
parametric-eq,phase-interpolation,48000,129,1024,16,128,16,112,8.93102693e-05,8.5010923e-05
parametric-eq,complex-minimax,48000,129,1024,16,0,16,-16,0.045406378,0.0432292824
parametric-eq,complex-minimax,48000,129,1024,16,1,16,-15,0.0106385328,0.0101284481
parametric-eq,complex-minimax,48000,129,1024,16,2,16,-14,0.00920673078,0.00876529648
parametric-eq,complex-minimax,48000,129,1024,16,3,16,-13,0.00602759561,0.00573859102
parametric-eq,complex-minimax,48000,129,1024,16,4,16,-12,0.00145823529,0.00138831741
parametric-eq,complex-minimax,48000,129,1024,16,5,16,-11,-0.00383352414,-0.0036497185
parametric-eq,complex-minimax,48000,129,1024,16,6,16,-10,-0.00898148908,-0.00855085443
parametric-eq,complex-minimax,48000,129,1024,16,7,16,-9,-0.0130683524,-0.0124417653
parametric-eq,complex-minimax,48000,129,1024,16,8,16,-8,-0.0152930041,-0.0145597518
parametric-eq,complex-minimax,48000,129,1024,16,9,16,-7,-0.0151278183,-0.0144024862
parametric-eq,complex-minimax,48000,129,1024,16,10,16,-6,-0.0124349394,-0.0118387225
parametric-eq,complex-minimax,48000,129,1024,16,11,16,-5,-0.0075165927,-0.0071561953
parametric-eq,complex-minimax,48000,129,1024,16,12,16,-4,-0.0010859328,-0.00103386567
parametric-eq,complex-minimax,48000,129,1024,16,13,16,-3,0.00584021196,0.00556019184
parametric-eq,complex-minimax,48000,129,1024,16,14,16,-2,0.0121100409,0.0115294018
parametric-eq,complex-minimax,48000,129,1024,16,15,16,-1,0.0166376082,0.0158398863
parametric-eq,complex-minimax,48000,129,1024,16,16,16,0,1.05036159,1
parametric-eq,complex-minimax,48000,129,1024,16,17,16,1,0.0768904808,0.0732038198
parametric-eq,complex-minimax,48000,129,1024,16,18,16,2,0.0599447472,0.0570705817
parametric-eq,complex-minimax,48000,129,1024,16,19,16,3,0.0328982551,0.0313208854
parametric-eq,complex-minimax,48000,129,1024,16,20,16,4,0.000135596467,0.000129095035
parametric-eq,complex-minimax,48000,129,1024,16,21,16,5,-0.0329237805,-0.0313451869
parametric-eq,complex-minimax,48000,129,1024,16,22,16,6,-0.0607808918,-0.0578666358
parametric-eq,complex-minimax,48000,129,1024,16,23,16,7,-0.0788275186,-0.0750479826
parametric-eq,complex-minimax,48000,129,1024,16,24,16,8,-0.0841502123,-0.0801154695
parametric-eq,complex-minimax,48000,129,1024,16,25,16,9,-0.0760206398,-0.0723756849
parametric-eq,complex-minimax,48000,129,1024,16,26,16,10,-0.0559870927,-0.0533026845
parametric-eq,complex-minimax,48000,129,1024,16,27,16,11,-0.0275592554,-0.0262378742
parametric-eq,complex-minimax,48000,129,1024,16,28,16,12,0.00444517662,0.00423204413
parametric-eq,complex-minimax,48000,129,1024,16,29,16,13,0.0347628176,0.0330960479
parametric-eq,complex-minimax,48000,129,1024,16,30,16,14,0.0585931063,0.0557837479
parametric-eq,complex-minimax,48000,129,1024,16,31,16,15,0.0723890342,0.0689182036
parametric-eq,complex-minimax,48000,129,1024,16,32,16,16,0.0743956698,0.0708286272
parametric-eq,complex-minimax,48000,129,1024,16,33,16,17,0.0648549358,0.0617453419
parametric-eq,complex-minimax,48000,129,1024,16,34,16,18,0.045859753,0.0436609195
parametric-eq,complex-minimax,48000,129,1024,16,35,16,19,0.0209041309,0.0199018424
parametric-eq,complex-minimax,48000,129,1024,16,36,16,20,-0.00577368241,-0.00549685217
parametric-eq,complex-minimax,48000,129,1024,16,37,16,21,-0.029928585,-0.0284936018
parametric-eq,complex-minimax,48000,129,1024,16,38,16,22,-0.047995679,-0.0456944344
parametric-eq,complex-minimax,48000,129,1024,16,39,16,23,-0.0576151672,-0.0548526979
parametric-eq,complex-minimax,48000,129,1024,16,40,16,24,-0.0579202079,-0.0551431128
parametric-eq,complex-minimax,48000,129,1024,16,41,16,25,-0.0495594754,-0.0471832517
parametric-eq,complex-minimax,48000,129,1024,16,42,16,26,-0.0344733161,-0.0328204271
parametric-eq,complex-minimax,48000,129,1024,16,43,16,27,-0.015481788,-0.0147394841
parametric-eq,complex-minimax,48000,129,1024,16,44,16,28,0.00423146435,0.00402857871
parametric-eq,complex-minimax,48000,129,1024,16,45,16,29,0.021646546,0.020608661
parametric-eq,complex-minimax,48000,129,1024,16,46,16,30,0.0343602612,0.0327127929
parametric-eq,complex-minimax,48000,129,1024,16,47,16,31,0.040899758,0.038938741
parametric-eq,complex-minimax,48000,129,1024,16,48,16,32,0.0408610083,0.0389018491
parametric-eq,complex-minimax,48000,129,1024,16,49,16,33,0.0348679759,0.0331961641
parametric-eq,complex-minimax,48000,129,1024,16,50,16,34,0.0243772056,0.0232083939
parametric-eq,complex-minimax,48000,129,1024,16,51,16,35,0.0113742872,0.0108289252
parametric-eq,complex-minimax,48000,129,1024,16,52,16,36,-0.00197943574,-0.00188452791
parametric-eq,complex-minimax,48000,129,1024,16,53,16,37,-0.0136901664,-0.0130337652
parametric-eq,complex-minimax,48000,129,1024,16,54,16,38,-0.0222133551,-0.0211482933
parametric-eq,complex-minimax,48000,129,1024,16,55,16,39,-0.0266374246,-0.0253602424
parametric-eq,complex-minimax,48000,129,1024,16,56,16,40,-0.0267522662,-0.0254695776
parametric-eq,complex-minimax,48000,129,1024,16,57,16,41,-0.0230048256,-0.0219018152
parametric-eq,complex-minimax,48000,129,1024,16,58,16,42,-0.0163610524,-0.0155765905
parametric-eq,complex-minimax,48000,129,1024,16,59,16,43,-0.00810552678,-0.00771689181
parametric-eq,complex-minimax,48000,129,1024,16,60,16,44,0.000384055067,0.000365640813
parametric-eq,complex-minimax,48000,129,1024,16,61,16,45,0.00785082242,0.00747439974
parametric-eq,complex-minimax,48000,129,1024,16,62,16,46,0.0133303645,0.0126912147
parametric-eq,complex-minimax,48000,129,1024,16,63,16,47,0.0162592546,0.0154796736
parametric-eq,complex-minimax,48000,129,1024,16,64,16,48,0.0165115683,0.0157198896
parametric-eq,complex-minimax,48000,129,1024,16,65,16,49,0.0143663467,0.0136775248
parametric-eq,complex-minimax,48000,129,1024,16,66,16,50,0.0104189625,0.00991940544
parametric-eq,complex-minimax,48000,129,1024,16,67,16,51,0.00545620906,0.00519460069
parametric-eq,complex-minimax,48000,129,1024,16,68,16,52,0.000318008745,0.000302761208
parametric-eq,complex-minimax,48000,129,1024,16,69,16,53,-0.00423210753,-0.00402919104
parametric-eq,complex-minimax,48000,129,1024,16,70,16,54,-0.00760957142,-0.00724471597
parametric-eq,complex-minimax,48000,129,1024,16,71,16,55,-0.0094724484,-0.00901827376
parametric-eq,complex-minimax,48000,129,1024,16,72,16,56,-0.00974152182,-0.00927444594
parametric-eq,complex-minimax,48000,129,1024,16,73,16,57,-0.0085791817,-0.00816783644
parametric-eq,complex-minimax,48000,129,1024,16,74,16,58,-0.00633535979,-0.00603159886
parametric-eq,complex-minimax,48000,129,1024,16,75,16,59,-0.00347264168,-0.00330613924
parametric-eq,complex-minimax,48000,129,1024,16,76,16,60,-0.000484272273,-0.000461052913
parametric-eq,complex-minimax,48000,129,1024,16,77,16,61,0.00218189973,0.00207728438
parametric-eq,complex-minimax,48000,129,1024,16,78,16,62,0.00418303409,0.00398247052
parametric-eq,complex-minimax,48000,129,1024,16,79,16,63,0.00531775673,0.00506278672
parametric-eq,complex-minimax,48000,129,1024,16,80,16,64,0.00553706497,0.00527157981
parametric-eq,complex-minimax,48000,129,1024,16,81,16,65,0.0049313978,0.00469495251
parametric-eq,complex-minimax,48000,129,1024,16,82,16,66,0.00369891351,0.00352156203
parametric-eq,complex-minimax,48000,129,1024,16,83,16,67,0.00210215044,0.00200135882
parametric-eq,complex-minimax,48000,129,1024,16,84,16,68,0.00042102558,0.000400838704
parametric-eq,complex-minimax,48000,129,1024,16,85,16,69,-0.00109039014,-0.0010381093
parametric-eq,complex-minimax,48000,129,1024,16,86,16,70,-0.00223744086,-0.00213016248
parametric-eq,complex-minimax,48000,129,1024,16,87,16,71,-0.00290515,-0.00276585703
parametric-eq,complex-minimax,48000,129,1024,16,88,16,72,-0.00306400443,-0.00291709488
parametric-eq,complex-minimax,48000,129,1024,16,89,16,73,-0.00276239587,-0.00262994752
parametric-eq,complex-minimax,48000,129,1024,16,90,16,74,-0.00210868202,-0.00200757723
parametric-eq,complex-minimax,48000,129,1024,16,91,16,75,-0.00124696107,-0.00118717314
parametric-eq,complex-minimax,48000,129,1024,16,92,16,76,-0.000331014914,-0.000315143771
parametric-eq,complex-minimax,48000,129,1024,16,93,16,77,0.000499476867,0.000475528494
parametric-eq,complex-minimax,48000,129,1024,16,94,16,78,0.00113726681,0.00108273838
parametric-eq,complex-minimax,48000,129,1024,16,95,16,79,0.00151848963,0.00144568274
parametric-eq,complex-minimax,48000,129,1024,16,96,16,80,0.00162567836,0.0015477321
parametric-eq,complex-minimax,48000,129,1024,16,97,16,81,0.00148354817,0.00141241662
parametric-eq,complex-minimax,48000,129,1024,16,98,16,82,0.0011492198,0.00109411826
parametric-eq,complex-minimax,48000,129,1024,16,99,16,83,0.000699135015,0.000665613651
parametric-eq,complex-minimax,48000,129,1024,16,100,16,84,0.000215076588,0.00020476433
parametric-eq,complex-minimax,48000,129,1024,16,101,16,85,-0.000228517041,-0.000217560354
parametric-eq,complex-minimax,48000,129,1024,16,102,16,86,-0.000574268554,-0.000546734151
parametric-eq,complex-minimax,48000,129,1024,16,103,16,87,-0.000787624531,-0.000749860368
parametric-eq,complex-minimax,48000,129,1024,16,104,16,88,-0.000858411435,-0.000817253258
parametric-eq,complex-minimax,48000,129,1024,16,105,16,89,-0.00079859235,-0.000760302314
parametric-eq,complex-minimax,48000,129,1024,16,106,16,90,-0.000637132097,-0.000606583581
parametric-eq,complex-minimax,48000,129,1024,16,107,16,91,-0.000413167613,-0.000393357502
parametric-eq,complex-minimax,48000,129,1024,16,108,16,92,-0.000168747668,-0.000160656739
parametric-eq,complex-minimax,48000,129,1024,16,109,16,93,5.77249941e-05,5.4957259e-05
parametric-eq,complex-minimax,48000,129,1024,16,110,16,94,0.000236495147,0.000225155935
parametric-eq,complex-minimax,48000,129,1024,16,111,16,95,0.000349408923,0.000332655844
parametric-eq,complex-minimax,48000,129,1024,16,112,16,96,0.000390707811,0.000371974578
parametric-eq,complex-minimax,48000,129,1024,16,113,16,97,0.000365886048,0.000348342942
parametric-eq,complex-minimax,48000,129,1024,16,114,16,98,0.000289087512,0.000275226658
parametric-eq,complex-minimax,48000,129,1024,16,115,16,99,0.000179657054,0.000171043053
parametric-eq,complex-minimax,48000,129,1024,16,116,16,100,5.84841196e-05,5.56799867e-05
parametric-eq,complex-minimax,48000,129,1024,16,117,16,101,-5.52904998e-05,-5.26394911e-05
parametric-eq,complex-minimax,48000,129,1024,16,118,16,102,-0.000146780522,-0.000139742849
parametric-eq,complex-minimax,48000,129,1024,16,119,16,103,-0.000206832135,-0.000196915173
parametric-eq,complex-minimax,48000,129,1024,16,120,16,104,-0.000232423385,-0.000221279401
parametric-eq,complex-minimax,48000,129,1024,16,121,16,105,-0.000226101107,-0.000215260258
parametric-eq,complex-minimax,48000,129,1024,16,122,16,106,-0.000194694851,-0.000185359835
parametric-eq,complex-minimax,48000,129,1024,16,123,16,107,-0.000147617024,-0.000140539244
parametric-eq,complex-minimax,48000,129,1024,16,124,16,108,-9.50764172e-05,-9.05177967e-05
parametric-eq,complex-minimax,48000,129,1024,16,125,16,109,-4.6518076e-05,-4.4287678e-05
parametric-eq,complex-minimax,48000,129,1024,16,126,16,110,-9.64929331e-06,-9.1866395e-06
parametric-eq,complex-minimax,48000,129,1024,16,127,16,111,8.49088248e-06,8.0837709e-06
parametric-eq,complex-minimax,48000,129,1024,16,128,16,112,0.000307572392,0.000292825246
parametric-eq,low-group-delay,48000,129,1024,,0,0,0,1.23593046,1
parametric-eq,low-group-delay,48000,129,1024,,1,0,1,0.0891290626,0.0721149494
parametric-eq,low-group-delay,48000,129,1024,,2,0,2,0.0149923013,0.0121303761
parametric-eq,low-group-delay,48000,129,1024,,3,0,3,0.00978894018,0.00792030013
parametric-eq,low-group-delay,48000,129,1024,,4,0,4,0.0076188737,0.00616448412
parametric-eq,low-group-delay,48000,129,1024,,5,0,5,-0.0137685251,-0.0111402102
parametric-eq,low-group-delay,48000,129,1024,,6,0,6,-0.0396617093,-0.0320905671
parametric-eq,low-group-delay,48000,129,1024,,7,0,7,-0.0555889451,-0.0449774052
parametric-eq,low-group-delay,48000,129,1024,,8,0,8,-0.0610722704,-0.0494140021
parametric-eq,low-group-delay,48000,129,1024,,9,0,9,-0.0580732412,-0.0469874666
parametric-eq,low-group-delay,48000,129,1024,,10,0,10,-0.0437009493,-0.0353587445
parametric-eq,low-group-delay,48000,129,1024,,11,0,11,-0.0168765088,-0.0136549016
parametric-eq,low-group-delay,48000,129,1024,,12,0,12,0.0161340313,0.0130541579
parametric-eq,low-group-delay,48000,129,1024,,13,0,13,0.0460650438,0.0372715499
parametric-eq,low-group-delay,48000,129,1024,,14,0,14,0.0665679936,0.0538606303
parametric-eq,low-group-delay,48000,129,1024,,15,0,15,0.0744211552,0.0602146784
parametric-eq,low-group-delay,48000,129,1024,,16,0,16,0.0680106717,0.0550279113
parametric-eq,low-group-delay,48000,129,1024,,17,0,17,0.0486625761,0.0393732315
parametric-eq,low-group-delay,48000,129,1024,,18,0,18,0.0218882345,0.017709924
parametric-eq,low-group-delay,48000,129,1024,,19,0,19,-0.00495942793,-0.00401270791
parametric-eq,low-group-delay,48000,129,1024,,20,0,20,-0.0261705928,-0.0211748101
parametric-eq,low-group-delay,48000,129,1024,,21,0,21,-0.0387430737,-0.0313472925
parametric-eq,low-group-delay,48000,129,1024,,22,0,22,-0.0418792449,-0.0338847906
parametric-eq,low-group-delay,48000,129,1024,,23,0,23,-0.0370815865,-0.0300029716
parametric-eq,low-group-delay,48000,129,1024,,24,0,24,-0.028054863,-0.0226993863
parametric-eq,low-group-delay,48000,129,1024,,25,0,25,-0.0189607426,-0.0153412697
parametric-eq,low-group-delay,48000,129,1024,,26,0,26,-0.0123077049,-0.00995825034
parametric-eq,low-group-delay,48000,129,1024,,27,0,27,-0.00850699277,-0.00688306749
parametric-eq,low-group-delay,48000,129,1024,,28,0,28,-0.00669984672,-0.00542089295
parametric-eq,low-group-delay,48000,129,1024,,29,0,29,-0.00535265381,-0.00433086972
parametric-eq,low-group-delay,48000,129,1024,,30,0,30,-0.00268142665,-0.0021695611
parametric-eq,low-group-delay,48000,129,1024,,31,0,31,0.00234863986,0.00190030098
parametric-eq,low-group-delay,48000,129,1024,,32,0,32,0.00911066225,0.0073715007
parametric-eq,low-group-delay,48000,129,1024,,33,0,33,0.0156576607,0.012668723
parametric-eq,low-group-delay,48000,129,1024,,34,0,34,0.0199614972,0.0161509874
parametric-eq,low-group-delay,48000,129,1024,,35,0,35,0.0207906535,0.0168218635
parametric-eq,low-group-delay,48000,129,1024,,36,0,36,0.0179577737,0.0145297606
parametric-eq,low-group-delay,48000,129,1024,,37,0,37,0.0124438075,0.0100683719
parametric-eq,low-group-delay,48000,129,1024,,38,0,38,0.00627949333,0.00508078208
parametric-eq,low-group-delay,48000,129,1024,,39,0,39,0.00171050233,0.00138397943
parametric-eq,low-group-delay,48000,129,1024,,40,0,40,4.75637614e-05,3.84841728e-05
parametric-eq,low-group-delay,48000,129,1024,,41,0,41,0.00114479608,0.000926262532
parametric-eq,low-group-delay,48000,129,1024,,42,0,42,0.00368020258,0.00297767771
parametric-eq,low-group-delay,48000,129,1024,,43,0,43,0.00569688148,0.00460938675
parametric-eq,low-group-delay,48000,129,1024,,44,0,44,0.00522042135,0.00422387952
parametric-eq,low-group-delay,48000,129,1024,,45,0,45,0.0011226559,0.00090834876
parametric-eq,low-group-delay,48000,129,1024,,46,0,46,-0.00611759179,-0.0049497864
parametric-eq,low-group-delay,48000,129,1024,,47,0,47,-0.0144742096,-0.0117111844
parametric-eq,low-group-delay,48000,129,1024,,48,0,48,-0.0212856038,-0.0172223312
parametric-eq,low-group-delay,48000,129,1024,,49,0,49,-0.024278341,-0.0196437759
parametric-eq,low-group-delay,48000,129,1024,,50,0,50,-0.0222072146,-0.017968013
parametric-eq,low-group-delay,48000,129,1024,,51,0,51,-0.0152354569,-0.012327115
parametric-eq,low-group-delay,48000,129,1024,,52,0,52,-0.00509351875,-0.00412120173
parametric-eq,low-group-delay,48000,129,1024,,53,0,53,0.00534262678,0.00432275678
parametric-eq,low-group-delay,48000,129,1024,,54,0,54,0.0131353695,0.0106279196
parametric-eq,low-group-delay,48000,129,1024,,55,0,55,0.0164265255,0.0132908169
parametric-eq,low-group-delay,48000,129,1024,,56,0,56,0.014968664,0.012111251
parametric-eq,low-group-delay,48000,129,1024,,57,0,57,0.00998290365,0.00807723733
parametric-eq,low-group-delay,48000,129,1024,,58,0,58,0.00365026318,0.00295345353
parametric-eq,low-group-delay,48000,129,1024,,59,0,59,-0.00160945941,-0.00130222489
parametric-eq,low-group-delay,48000,129,1024,,60,0,60,-0.00399693011,-0.00323394418
parametric-eq,low-group-delay,48000,129,1024,,61,0,61,-0.00300294502,-0.00242970387
parametric-eq,low-group-delay,48000,129,1024,,62,0,62,0.000510563725,0.000413100689
parametric-eq,low-group-delay,48000,129,1024,,63,0,63,0.00481993337,0.00389984188
parametric-eq,low-group-delay,48000,129,1024,,64,0,64,0.00806505987,0.00652549649
parametric-eq,low-group-delay,48000,129,1024,,65,0,65,0.00888933467,0.007192423
parametric-eq,low-group-delay,48000,129,1024,,66,0,66,0.00690632468,0.00558795571
parametric-eq,low-group-delay,48000,129,1024,,67,0,67,0.00285990095,0.0023139659
parametric-eq,low-group-delay,48000,129,1024,,68,0,68,-0.001712358,-0.00138548087
parametric-eq,low-group-delay,48000,129,1024,,69,0,69,-0.00520504999,-0.00421144244
parametric-eq,low-group-delay,48000,129,1024,,70,0,70,-0.00661048442,-0.00534858929
parametric-eq,low-group-delay,48000,129,1024,,71,0,71,-0.00580216092,-0.00469456908
parametric-eq,low-group-delay,48000,129,1024,,72,0,72,-0.00349615748,-0.00282876553
parametric-eq,low-group-delay,48000,129,1024,,73,0,73,-0.0010000948,-0.000809183715
parametric-eq,low-group-delay,48000,129,1024,,74,0,74,0.000313336174,0.000253522495
parametric-eq,low-group-delay,48000,129,1024,,75,0,75,-0.000298609441,-0.000241606992
parametric-eq,low-group-delay,48000,129,1024,,76,0,76,-0.00255410144,-0.00206654138
parametric-eq,low-group-delay,48000,129,1024,,77,0,77,-0.00536878787,-0.0043439239
parametric-eq,low-group-delay,48000,129,1024,,78,0,78,-0.00742503898,-0.0060076511
parametric-eq,low-group-delay,48000,129,1024,,79,0,79,-0.00765596936,-0.00619449849
parametric-eq,low-group-delay,48000,129,1024,,80,0,80,-0.00559254116,-0.00452496426
parametric-eq,low-group-delay,48000,129,1024,,81,0,81,-0.0016382065,-0.00132548436
parametric-eq,low-group-delay,48000,129,1024,,82,0,82,0.00297404157,0.00240631788
parametric-eq,low-group-delay,48000,129,1024,,83,0,83,0.0067195655,0.00543684755
parametric-eq,low-group-delay,48000,129,1024,,84,0,84,0.00844063417,0.00682937628
parametric-eq,low-group-delay,48000,129,1024,,85,0,85,0.00767195952,0.00620743623
parametric-eq,low-group-delay,48000,129,1024,,86,0,86,0.0047323535,0.0038289804
parametric-eq,low-group-delay,48000,129,1024,,87,0,87,0.000786117228,0.000636052961
parametric-eq,low-group-delay,48000,129,1024,,88,0,88,-0.00245156238,-0.00198357631
parametric-eq,low-group-delay,48000,129,1024,,89,0,89,-0.00358910466,-0.00290396974
parametric-eq,low-group-delay,48000,129,1024,,90,0,90,-0.00231735647,-0.00187498937
parametric-eq,low-group-delay,48000,129,1024,,91,0,91,0.000721925151,0.000584114701
parametric-eq,low-group-delay,48000,129,1024,,92,0,92,0.00453198381,0.00366685987
parametric-eq,low-group-delay,48000,129,1024,,93,0,93,0.00792682138,0.00641364675
parametric-eq,low-group-delay,48000,129,1024,,94,0,94,0.00952117983,0.00770365335
parametric-eq,low-group-delay,48000,129,1024,,95,0,95,0.00837802828,0.00677872142
parametric-eq,low-group-delay,48000,129,1024,,96,0,96,0.00484333963,0.00391878005
parametric-eq,low-group-delay,48000,129,1024,,97,0,97,0.000278566142,0.000225389819
parametric-eq,low-group-delay,48000,129,1024,,98,0,98,-0.00408574494,-0.00330580488
parametric-eq,low-group-delay,48000,129,1024,,99,0,99,-0.00759232652,-0.00614300461
parametric-eq,low-group-delay,48000,129,1024,,100,0,100,-0.00965527623,-0.00781215168
parametric-eq,low-group-delay,48000,129,1024,,101,0,101,-0.00976006814,-0.00789693956
parametric-eq,low-group-delay,48000,129,1024,,102,0,102,-0.00825680993,-0.0066806428
parametric-eq,low-group-delay,48000,129,1024,,103,0,103,-0.00635790434,-0.00514422498
parametric-eq,low-group-delay,48000,129,1024,,104,0,104,-0.00489199626,-0.00395814847
parametric-eq,low-group-delay,48000,129,1024,,105,0,105,-0.00365737506,-0.0029592078
parametric-eq,low-group-delay,48000,129,1024,,106,0,106,-0.00229208467,-0.00185454177
parametric-eq,low-group-delay,48000,129,1024,,107,0,107,-0.000930531816,-0.000752899816
parametric-eq,low-group-delay,48000,129,1024,,108,0,108,0.000495198776,0.000400668801
parametric-eq,low-group-delay,48000,129,1024,,109,0,109,0.00265208477,0.00214582038
parametric-eq,low-group-delay,48000,129,1024,,110,0,110,0.00569262936,0.00460594632
parametric-eq,low-group-delay,48000,129,1024,,111,0,111,0.0085141037,0.00688882099
parametric-eq,low-group-delay,48000,129,1024,,112,0,112,0.0099662759,0.0080637837
parametric-eq,low-group-delay,48000,129,1024,,113,0,113,0.0100318795,0.00811686403
parametric-eq,low-group-delay,48000,129,1024,,114,0,114,0.0089715763,0.00725896528
parametric-eq,low-group-delay,48000,129,1024,,115,0,115,0.00635245722,0.00513981767
parametric-eq,low-group-delay,48000,129,1024,,116,0,116,0.00220743238,0.00178604901
parametric-eq,low-group-delay,48000,129,1024,,117,0,117,-0.00182894359,-0.00147981108
parametric-eq,low-group-delay,48000,129,1024,,118,0,118,-0.00415293364,-0.00336016772
parametric-eq,low-group-delay,48000,129,1024,,119,0,119,-0.00512668374,-0.00414803575
parametric-eq,low-group-delay,48000,129,1024,,120,0,120,-0.00569844663,-0.00461065312
parametric-eq,low-group-delay,48000,129,1024,,121,0,121,-0.00525320024,-0.00425040114
parametric-eq,low-group-delay,48000,129,1024,,122,0,122,-0.0031938456,-0.00258416287
parametric-eq,low-group-delay,48000,129,1024,,123,0,123,-0.00139446308,-0.00112826985
parametric-eq,low-group-delay,48000,129,1024,,124,0,124,-0.00172064326,-0.00139218452
parametric-eq,low-group-delay,48000,129,1024,,125,0,125,-0.00225503348,-0.0018245634
parametric-eq,low-group-delay,48000,129,1024,,126,0,126,-0.000744590126,-0.000602453091
parametric-eq,low-group-delay,48000,129,1024,,127,0,127,-0.000594081404,-0.000480675429
parametric-eq,low-group-delay,48000,129,1024,,128,0,128,-0.00436200815,-0.00352933137
