target,method,sample_rate_hz,prototype_taps,taps,fft_size,phase_delay_samples,iterations,relative_magnitude_error,rms_magnitude_error_db,max_magnitude_error_db,mean_group_delay,group_delay_ripple,minimum_phase_taps,off_centre_linear_energy
low-pass,mixed-phase,48000,2049,129,8192,0,0,8.57198275e-06,0.000445893472,0.00905501923,5.88800907,1.17409523,129,0
low-pass,mixed-phase,48000,2049,129,8192,4,2,9.52377484e-06,0.000495037512,0.00990955224,9.88800708,1.17409916,121,0
low-pass,mixed-phase,48000,2049,129,8192,8,2,1.06508654e-05,0.000552937659,0.0108907304,13.8880046,1.17410437,113,2.22044605e-16
low-pass,mixed-phase,48000,2049,129,8192,12,2,1.20236511e-05,0.000622180013,0.012030847,17.8880027,1.17410873,105,6.66133815e-16
low-pass,mixed-phase,48000,2049,129,8192,16,2,1.38437861e-05,0.000706914955,0.0133788838,21.888009,1.17409625,97,1.11022302e-15
low-pass,mixed-phase,48000,2049,129,8192,20,2,1.70239784e-05,0.00081544607,0.0150184502,25.8880451,1.17401468,89,5.10702591e-15
low-pass,mixed-phase,48000,2049,129,8192,24,2,2.59931153e-05,0.000971588181,0.0171137148,29.8881069,1.17384039,81,1.04360964e-14
low-pass,mixed-phase,48000,2049,129,8192,28,2,5.62944916e-05,0.00127035959,0.0200325618,33.8879844,1.17395226,73,2.33146835e-14
low-pass,mixed-phase,48000,2049,129,8192,32,2,0.000149409417,0.00210313063,0.0246856394,37.8870923,1.17562469,65,6.86117829e-14
low-pass,mixed-phase,48000,2049,129,8192,36,2,0.00041937027,0.00471707343,0.0334733719,41.8854659,1.1791388,57,3.12860848e-13
low-pass,mixed-phase,48000,2049,129,8192,40,2,0.00119156237,0.0124802261,0.0529497877,45.8878319,1.17291237,49,3.15814042e-12
low-pass,mixed-phase,48000,2049,129,8192,44,1,9.68437647e-05,0.00296424008,0.0377167966,49.9058119,1.10956635,41,1.59058449e-05
low-pass,mixed-phase,48000,2049,129,8192,48,1,0.00011642154,0.00236492011,0.029919021,53.9246747,0.898917034,33,0.000128166822
low-pass,mixed-phase,48000,2049,129,8192,52,2,5.22988814e-05,0.00164184884,0.0253239914,57.7777688,0.516716139,25,0.0010367004
low-pass,mixed-phase,48000,2049,129,8192,56,1,8.91068937e-05,0.00203464649,0.0250465118,61.034713,0.159793724,17,0.00845520222
low-pass,mixed-phase,48000,2049,129,8192,60,2,0.000130911277,0.00523631691,0.037534117,63.2105175,0.0146256637,9,0.0724247532
low-pass,mixed-phase,48000,2049,129,8192,64,0,4.91497393e-05,0.0014634619,0.0232663742,64,2.12758389e-14,1,0.591547388
low-pass,mixed-phase,48000,2049,257,8192,0,0,2.44735224e-06,0.000127839799,0.00286721484,5.88800811,1.17409784,257,0
low-pass,mixed-phase,48000,2049,257,8192,8,2,2.7899495e-06,0.000145701453,0.00325419322,13.8880088,1.17409651,241,0
low-pass,mixed-phase,48000,2049,257,8192,16,2,3.19537972e-06,0.000166827264,0.00370447217,21.8880086,1.17409669,225,0
low-pass,mixed-phase,48000,2049,257,8192,24,2,3.6803481e-06,0.000192081368,0.00423264257,29.8880079,1.17409828,209,0
low-pass,mixed-phase,48000,2049,257,8192,32,2,4.26781703e-06,0.000222650167,0.00485810544,37.8880089,1.17409613,193,0
low-pass,mixed-phase,48000,2049,257,8192,40,2,4.9901528e-06,0.000260203636,0.00560723851,45.8880087,1.17409639,177,0
low-pass,mixed-phase,48000,2049,257,8192,48,2,5.89434368e-06,0.000307162143,0.00651685163,53.8880074,1.17409919,161,0
low-pass,mixed-phase,48000,2049,257,8192,56,2,7.05109443e-06,0.000367158832,0.0076399509,61.8880093,1.17409538,145,2.22044605e-16
low-pass,mixed-phase,48000,2049,257,8192,64,2,8.57202692e-06,0.000445895893,0.00905602624,69.8880091,1.17409524,129,4.4408921e-16
low-pass,mixed-phase,48000,2049,257,8192,72,2,1.06509188e-05,0.000552940693,0.0108920858,77.8880046,1.17410437,113,1.11022302e-15
low-pass,mixed-phase,48000,2049,257,8192,80,2,1.38437843e-05,0.000706918273,0.0133807856,85.888009,1.17409627,97,2.88657986e-15
low-pass,mixed-phase,48000,2049,257,8192,88,2,1.82473457e-05,0.000831205502,0.0151624965,93.8881069,1.17384052,81,3.25215954e-09
low-pass,mixed-phase,48000,2049,257,8192,96,2,1.59767945e-05,0.000731435729,0.0136237349,101.887092,1.17562497,65,5.08413469e-08
low-pass,mixed-phase,48000,2049,257,8192,104,1,1.39074403e-05,0.00064227255,0.0122490387,109.887831,1.1729131,49,2.05467241e-06
low-pass,mixed-phase,48000,2049,257,8192,112,1,1.21130807e-05,0.000565029473,0.0110639979,117.924678,0.898918451,33,0.000128236617
low-pass,mixed-phase,48000,2049,257,8192,120,1,1.03398085e-05,0.000495499222,0.0100559112,125.034713,0.159793725,17,0.00845524936
low-pass,mixed-phase,48000,2049,257,8192,128,0,8.7366842e-06,0.00045445268,0.00920923758,128,5.7709921e-14,1,0.591547389
low-pass,mixed-phase,48000,2049,513,8192,0,0,3.76502231e-07,1.96750708e-05,0.00041310252,5.88800852,1.17409709,513,0
low-pass,mixed-phase,48000,2049,513,8192,16,2,4.75559139e-07,2.48559962e-05,0.00053167324,21.8880086,1.17409703,481,0
low-pass,mixed-phase,48000,2049,513,8192,32,2,5.98322544e-07,3.12762955e-05,0.000679743714,37.8880084,1.17409729,449,0
low-pass,mixed-phase,48000,2049,513,8192,48,2,7.51186909e-07,3.92696021e-05,0.000864848258,53.8880085,1.17409704,417,0
low-pass,mixed-phase,48000,2049,513,8192,64,2,9.42887002e-07,4.92913351e-05,0.00109698549,69.8880086,1.17409693,385,0
low-pass,mixed-phase,48000,2049,513,8192,80,2,1.18566642e-06,6.19793477e-05,0.00138972786,85.8880083,1.17409745,353,0
low-pass,mixed-phase,48000,2049,513,8192,96,2,1.49721098e-06,7.82541612e-05,0.00176199335,101.888009,1.17409694,321,0
low-pass,mixed-phase,48000,2049,513,8192,112,2,1.90399186e-06,9.94920677e-05,0.00224099117,117.888009,1.17409672,289,0
low-pass,mixed-phase,48000,2049,513,8192,128,2,2.44735968e-06,0.000127840197,0.00286736163,133.888008,1.17409784,257,0
low-pass,mixed-phase,48000,2049,513,8192,144,2,3.19539032e-06,0.000166827835,0.00370468747,149.888009,1.1740967,225,0
low-pass,mixed-phase,48000,2049,513,8192,160,2,4.26783181e-06,0.000222650984,0.0048584307,165.888009,1.17409614,193,0
low-pass,mixed-phase,48000,2049,513,8192,176,2,5.50991863e-06,0.000265595523,0.00567611029,181.888007,1.17409919,161,2.99020142e-10
low-pass,mixed-phase,48000,2049,513,8192,192,2,4.71635078e-06,0.000228086367,0.00493004177,197.888009,1.17409523,129,1.85251525e-09
low-pass,mixed-phase,48000,2049,513,8192,208,1,4.05237625e-06,0.000196692738,0.00429526257,213.888009,1.17409629,97,5.85055215e-09
low-pass,mixed-phase,48000,2049,513,8192,224,1,3.50052104e-06,0.000170499677,0.00375644943,229.887092,1.17562502,65,5.7266475e-08
low-pass,mixed-phase,48000,2049,513,8192,240,1,3.01903156e-06,0.000147834677,0.00329531518,245.924678,0.898918454,33,0.000128240329
low-pass,mixed-phase,48000,2049,513,8192,256,0,2.47968887e-06,0.000129526832,0.00290475,256,1.63850784e-13,1,0.591547389
low-pass,mixed-phase,48000,2049,1025,8192,0,0,2.53840932e-11,1.32235039e-09,2.63281023e-08,5.88800852,1.17409714,1025,0
low-pass,mixed-phase,48000,2049,1025,8192,32,1,7.76558718e-10,3.9345204e-08,3.23110711e-07,37.8880085,1.17409714,961,0
low-pass,mixed-phase,48000,2049,1025,8192,64,2,5.23324104e-09,2.69759477e-07,3.12459902e-06,69.8880085,1.17409714,897,0
low-pass,mixed-phase,48000,2049,1025,8192,96,2,1.64442633e-08,8.52802971e-07,1.19899158e-05,101.888009,1.17409715,833,0
low-pass,mixed-phase,48000,2049,1025,8192,128,1,3.82732843e-08,1.99108115e-06,3.18468744e-05,133.888009,1.17409713,769,0
low-pass,mixed-phase,48000,2049,1025,8192,160,2,7.59372535e-08,3.95795569e-06,6.9625466e-05,165.888009,1.17409713,705,0
low-pass,mixed-phase,48000,2049,1025,8192,192,2,1.36769217e-07,7.13743347e-06,0.000135137062,197.888008,1.17409718,641,0
low-pass,mixed-phase,48000,2049,1025,8192,224,2,2.31490237e-07,1.20905735e-05,0.000242571219,229.888009,1.17409708,577,0
low-pass,mixed-phase,48000,2049,1025,8192,256,2,3.76502455e-07,1.96750826e-05,0.000413107168,261.888009,1.17409709,513,0
low-pass,mixed-phase,48000,2049,1025,8192,288,2,5.98323015e-07,3.12763206e-05,0.000679753224,293.888008,1.17409729,449,0
low-pass,mixed-phase,48000,2049,1025,8192,320,2,9.42887962e-07,4.92913865e-05,0.00109700469,325.888009,1.17409693,385,0
low-pass,mixed-phase,48000,2049,1025,8192,352,2,1.27696934e-06,6.30115818e-05,0.00140498453,357.888009,1.17409694,321,2.67179612e-11
low-pass,mixed-phase,48000,2049,1025,8192,384,2,1.01860772e-06,5.0276032e-05,0.00111192548,389.888008,1.17409784,257,1.71857195e-10
low-pass,mixed-phase,48000,2049,1025,8192,416,1,8.11982582e-07,4.00787743e-05,0.000877147879,421.888009,1.17409614,193,5.98942895e-10
low-pass,mixed-phase,48000,2049,1025,8192,448,1,6.46604927e-07,3.19050127e-05,0.000689370172,453.888009,1.17409523,129,2.48996757e-09
low-pass,mixed-phase,48000,2049,1025,8192,480,1,5.13847411e-07,2.53353501e-05,0.000539222597,485.887092,1.17562502,65,5.76203476e-08
low-pass,mixed-phase,48000,2049,1025,8192,512,0,3.81399004e-07,1.9931245e-05,0.000419053617,512,4.33110001e-13,1,0.591547389
low-pass,linear-phase,48000,2049,65,8192,32,0,0.00364449465,0.0392888582,0.120973471,32,9.20394676e-15,1,0.591541972
low-pass,linear-phase,48000,2049,129,8192,64,0,4.91497393e-05,0.0014634619,0.0232663742,64,2.12758389e-14,1,0.591547388
low-pass,linear-phase,48000,2049,193,8192,96,0,1.39235277e-05,0.00072111957,0.0136141401,96,6.13523746e-14,1,0.591547389
low-pass,linear-phase,48000,2049,257,8192,128,0,8.7366842e-06,0.00045445268,0.00920923758,128,5.7709921e-14,1,0.591547389
low-pass,linear-phase,48000,2049,321,8192,160,0,5.99297825e-06,0.000312285627,0.00661633345,160,1.0121795e-13,1,0.591547389
low-pass,linear-phase,48000,2049,385,8192,192,0,4.33213882e-06,0.000225997672,0.00492708061,192,1.28844445e-13,1,0.591547389
low-pass,linear-phase,48000,2049,449,8192,224,0,3.23999462e-06,0.000169152439,0.0037545406,224,1.73872378e-13,1,0.591547389
low-pass,linear-phase,48000,2049,513,8192,256,0,2.47968887e-06,0.000129526832,0.00290475,256,1.63850784e-13,1,0.591547389
low-pass,linear-phase,48000,2049,577,8192,288,0,1.92819364e-06,0.000100755686,0.00226969056,288,2.0801252e-13,1,0.591547389
low-pass,linear-phase,48000,2049,641,8192,320,0,1.51577323e-06,7.92239105e-05,0.00178440076,320,2.72991452e-13,1,0.591547389
low-pass,linear-phase,48000,2049,705,8192,352,0,1.2001676e-06,6.27372799e-05,0.00140744167,352,3.00649859e-13,1,0.591547389
low-pass,linear-phase,48000,2049,769,8192,384,0,9.54375018e-07,4.98919846e-05,0.00111111466,384,4.00409902e-13,1,0.591547389
low-pass,linear-phase,48000,2049,833,8192,416,0,7.60383987e-07,3.97505909e-05,0.000876187777,416,3.82785005e-13,1,0.591547389
low-pass,linear-phase,48000,2049,897,8192,448,0,6.0574238e-07,3.16644055e-05,0.000688879312,448,4.6344845e-13,1,0.591547389
low-pass,linear-phase,48000,2049,961,8192,480,0,4.81577081e-07,2.51708104e-05,0.00053904665,480,4.48876107e-13,1,0.591547389
low-pass,linear-phase,48000,2049,1025,8192,512,0,3.81399004e-07,1.9931245e-05,0.000419053617,512,4.33110001e-13,1,0.591547389
parametric-eq,mixed-phase,48000,2049,129,8192,0,0,0.000323256009,0.00226908137,0.00897142634,6.67496879,8.02667839,129,0
parametric-eq,mixed-phase,48000,2049,129,8192,4,2,0.000548132001,0.00383274027,0.0150665866,10.6739462,8.02667526,121,1.31894495e-13
parametric-eq,mixed-phase,48000,2049,129,8192,8,2,0.000920469185,0.00641025337,0.0248678892,14.676802,8.02161737,113,1.57784896e-12
parametric-eq,mixed-phase,48000,2049,129,8192,12,2,0.00152882325,0.0105983534,0.0403489374,18.6774385,8.01606285,105,1.25833788e-11
parametric-eq,mixed-phase,48000,2049,129,8192,16,12,0.00250742588,0.0172889287,0.065668912,22.6658183,8.01578499,97,1.70217884e-09
parametric-eq,mixed-phase,48000,2049,129,8192,20,12,0.00405690033,0.0277988562,0.10698429,26.6599717,7.9966841,89,1.16445207e-08
parametric-eq,mixed-phase,48000,2049,129,8192,24,12,0.00647619343,0.0440732939,0.170699641,30.6438152,7.96010666,81,7.69645236e-08
parametric-eq,mixed-phase,48000,2049,129,8192,28,12,0.0102054532,0.0689562272,0.265196068,34.6007078,7.89087822,73,4.7325278e-07
parametric-eq,mixed-phase,48000,2049,129,8192,32,12,0.0159067522,0.106672191,0.400396033,38.5790601,7.71002913,65,2.82414258e-06
parametric-eq,mixed-phase,48000,2049,129,8192,36,1,0.0244500286,0.162826309,0.615412396,42.4389843,7.47371763,57,3.687787e-07
parametric-eq,mixed-phase,48000,2049,129,8192,40,1,0.0370382516,0.244285437,0.91034482,46.0450489,7.1885307,49,1.92409706e-06
parametric-eq,mixed-phase,48000,2049,129,8192,44,1,0.0386700312,0.263766116,1.10736766,49.6362058,6.46007471,41,0.000788190407
parametric-eq,mixed-phase,48000,2049,129,8192,48,1,0.0114288585,0.0806876902,0.290260603,52.9397041,5.39428582,33,0.00336513139
parametric-eq,mixed-phase,48000,2049,129,8192,52,12,0.0110161185,0.0676216043,0.301713809,55.7883688,3.83899885,25,0.0062990959
parametric-eq,mixed-phase,48000,2049,129,8192,56,1,0.00957857673,0.0601534092,0.273766757,58.7445593,1.64147179,17,0.0120316545
parametric-eq,mixed-phase,48000,2049,129,8192,60,12,0.00778505928,0.053068693,0.267206928,61.1845485,0.175769462,9,0.0247113739
parametric-eq,mixed-phase,48000,2049,129,8192,64,0,0.00660862151,0.0472388046,0.174857294,64,4.44931414e-14,1,0.0599556837
parametric-eq,mixed-phase,48000,2049,257,8192,0,0,1.94718903e-08,1.4271443e-07,6.6817436e-07,6.67542398,8.02668972,257,0
parametric-eq,mixed-phase,48000,2049,257,8192,8,1,7.34518271e-08,5.36596031e-07,2.53749355e-06,14.6754242,8.02668948,241,0
parametric-eq,mixed-phase,48000,2049,257,8192,16,1,2.70420641e-07,1.96795365e-06,9.16124224e-06,22.6754244,8.02668933,225,0
parametric-eq,mixed-phase,48000,2049,257,8192,24,1,9.65092952e-07,6.99107003e-06,3.20789532e-05,30.6754218,8.02669203,209,0
parametric-eq,mixed-phase,48000,2049,257,8192,32,1,3.32601444e-06,2.39684046e-05,0.000106586789,38.6754297,8.02668262,193,0
parametric-eq,mixed-phase,48000,2049,257,8192,40,1,1.10660721e-05,7.93144567e-05,0.000343226796,46.6754141,8.0267022,177,0
parametric-eq,mixed-phase,48000,2049,257,8192,48,1,3.54929215e-05,0.000252874962,0.00105985895,54.6754445,8.02665573,161,0
parametric-eq,mixed-phase,48000,2049,257,8192,56,1,0.000109306425,0.000773237493,0.00315453907,62.6753937,8.02661938,145,0
parametric-eq,mixed-phase,48000,2049,257,8192,64,1,0.000323256379,0.00226908269,0.00897371273,70.6749689,8.02667966,129,1.19904087e-14
parametric-eq,mixed-phase,48000,2049,257,8192,72,1,0.000920477591,0.00641028577,0.0248758225,78.6768103,8.02162771,113,8.08464407e-13
parametric-eq,mixed-phase,48000,2049,257,8192,80,1,0.00250772248,0.0172908712,0.0656389943,86.6662874,8.01595055,97,4.3647419e-11
parametric-eq,mixed-phase,48000,2049,257,8192,88,1,0.00202879643,0.0161113272,0.0732069337,94.6465709,7.96006982,81,2.23425969e-05
parametric-eq,mixed-phase,48000,2049,257,8192,96,1,0.00169654633,0.0106321437,0.059130705,102.59194,7.70029171,65,0.000149819113
parametric-eq,mixed-phase,48000,2049,257,8192,104,1,0.00171170354,0.0111747735,0.0537454355,110.049785,7.18221729,49,0.000791725571
parametric-eq,mixed-phase,48000,2049,257,8192,112,1,0.000367223386,0.00262701588,0.0140335751,116.941662,5.38409108,33,0.00345020013
parametric-eq,mixed-phase,48000,2049,257,8192,120,1,7.00802632e-05,0.000454548412,0.00218019492,122.74433,1.64191143,17,0.0120823953
parametric-eq,mixed-phase,48000,2049,257,8192,128,0,4.67941524e-05,0.000344277015,0.00143766604,128,1.13223672e-13,1,0.0599967436
parametric-eq,mixed-phase,48000,2049,513,8192,0,0,2.61220104e-16,2.38077426e-15,7.71461973e-15,6.67542406,8.02668963,513,0
parametric-eq,mixed-phase,48000,2049,513,8192,16,2,2.71961947e-16,2.47069568e-15,9.64327467e-15,22.6754241,8.02668963,481,0
parametric-eq,mixed-phase,48000,2049,513,8192,32,2,1.24931598e-15,9.48589029e-15,4.43590635e-14,38.6754241,8.02668963,449,0
parametric-eq,mixed-phase,48000,2049,513,8192,48,1,2.3908546e-14,1.78737675e-13,7.51211096e-13,54.6754241,8.02668963,417,0
parametric-eq,mixed-phase,48000,2049,513,8192,64,2,4.07118996e-13,3.02685392e-12,1.1567108e-11,70.6754241,8.02668963,385,0
parametric-eq,mixed-phase,48000,2049,513,8192,80,2,6.20319787e-12,4.58987065e-11,1.67058162e-10,86.6754241,8.02668963,353,0
parametric-eq,mixed-phase,48000,2049,513,8192,96,2,8.9562051e-11,6.6060553e-10,2.53318796e-09,102.675424,8.02668963,321,0
parametric-eq,mixed-phase,48000,2049,513,8192,112,1,1.31472346e-09,9.67736546e-09,4.25308867e-08,118.675424,8.02668963,289,0
parametric-eq,mixed-phase,48000,2049,513,8192,128,1,1.94718904e-08,1.4271443e-07,6.68174372e-07,134.675424,8.02668972,257,0
parametric-eq,mixed-phase,48000,2049,513,8192,144,2,2.70420641e-07,1.96795365e-06,9.16124299e-06,150.675424,8.02668933,225,0
parametric-eq,mixed-phase,48000,2049,513,8192,160,1,3.32601444e-06,2.39684046e-05,0.000106586835,166.67543,8.02668262,193,0
parametric-eq,mixed-phase,48000,2049,513,8192,176,1,8.36244619e-06,4.45365091e-05,0.000263181557,182.675445,8.02665573,161,8.21165136e-10
parametric-eq,mixed-phase,48000,2049,513,8192,192,1,4.42930572e-06,2.54301518e-05,0.000138181604,198.674969,8.02667836,129,6.82399885e-08
parametric-eq,mixed-phase,48000,2049,513,8192,208,1,4.90579111e-06,3.37539271e-05,0.00021044329,214.66629,8.01588553,97,3.9634742e-06
parametric-eq,mixed-phase,48000,2049,513,8192,224,1,8.66257591e-06,5.6102156e-05,0.000390427582,230.591116,7.69853672,65,0.000151145636
parametric-eq,mixed-phase,48000,2049,513,8192,240,2,6.71594934e-07,5.24257111e-06,2.85251806e-05,244.94166,5.38408358,33,0.00345028685
parametric-eq,mixed-phase,48000,2049,513,8192,256,0,3.64390932e-10,2.75020727e-09,1.03260976e-08,256,3.50646977e-13,1,0.0599967457
parametric-eq,mixed-phase,48000,2049,1025,8192,0,0,2.54646311e-16,2.31817234e-15,7.71461973e-15,6.67542406,8.02668963,1025,0
parametric-eq,mixed-phase,48000,2049,1025,8192,32,2,2.53717339e-16,2.29727175e-15,7.71461973e-15,38.6754241,8.02668963,961,0
parametric-eq,mixed-phase,48000,2049,1025,8192,64,1,2.4841451e-16,2.24773123e-15,8.6789472e-15,70.6754241,8.02668963,897,0
parametric-eq,mixed-phase,48000,2049,1025,8192,96,2,2.42654607e-16,2.21041197e-15,7.71461973e-15,102.675424,8.02668963,833,0
parametric-eq,mixed-phase,48000,2049,1025,8192,128,1,2.36701557e-16,2.12186918e-15,7.71461973e-15,134.675424,8.02668963,769,0
parametric-eq,mixed-phase,48000,2049,1025,8192,160,2,2.45980734e-16,2.2381682e-15,7.71461973e-15,166.675424,8.02668963,705,0
parametric-eq,mixed-phase,48000,2049,1025,8192,192,1,2.50092512e-16,2.25257309e-15,9.64327467e-15,198.675424,8.02668963,641,0
parametric-eq,mixed-phase,48000,2049,1025,8192,224,2,2.55079987e-16,2.30649135e-15,8.6789472e-15,230.675424,8.02668963,577,0
parametric-eq,mixed-phase,48000,2049,1025,8192,256,2,2.42177939e-16,2.17464468e-15,7.71461973e-15,262.675424,8.02668963,513,0
parametric-eq,mixed-phase,48000,2049,1025,8192,288,1,1.24621465e-15,9.46573353e-15,4.3394736e-14,294.675424,8.02668963,449,0
parametric-eq,mixed-phase,48000,2049,1025,8192,320,1,4.07110263e-13,3.02681994e-12,1.15651793e-11,326.675424,8.02668963,385,0
parametric-eq,mixed-phase,48000,2049,1025,8192,352,1,1.13131894e-11,7.11618614e-11,3.64951658e-10,358.675424,8.02668963,321,0
parametric-eq,mixed-phase,48000,2049,1025,8192,384,2,5.10644134e-12,3.13540951e-11,1.66383132e-10,390.675424,8.02668972,257,2.22044605e-16
parametric-eq,mixed-phase,48000,2049,1025,8192,416,2,7.52821278e-12,4.94563855e-11,3.10444013e-10,422.67543,8.02668262,193,7.61102292e-12
parametric-eq,mixed-phase,48000,2049,1025,8192,448,2,1.52658183e-11,8.57915448e-11,6.34341358e-10,454.674969,8.02667839,129,6.82486125e-08
parametric-eq,mixed-phase,48000,2049,1025,8192,480,1,5.14484387e-10,3.39915469e-09,2.33733952e-08,486.591116,7.69853672,65,0.000151145678
parametric-eq,mixed-phase,48000,2049,1025,8192,512,0,1.91317376e-16,1.74203653e-15,7.71461973e-15,512,1.17239803e-12,1,0.0599967457
parametric-eq,linear-phase,48000,2049,65,8192,32,0,0.0577805611,0.400970039,1.43169837,32,2.00078746e-14,1,0.056847369
parametric-eq,linear-phase,48000,2049,129,8192,64,0,0.00660862151,0.0472388046,0.174857294,64,4.44931414e-14,1,0.0599556837
parametric-eq,linear-phase,48000,2049,193,8192,96,0,0.000623500647,0.00452686506,0.0177842334,96,6.49670298e-14,1,0.0599963802
parametric-eq,linear-phase,48000,2049,257,8192,128,0,4.67941524e-05,0.000344277015,0.00143766604,128,1.13223672e-13,1,0.0599967436
parametric-eq,linear-phase,48000,2049,321,8192,160,0,2.99290112e-06,2.22779739e-05,0.000100799957,160,1.46375317e-13,1,0.0599967457
parametric-eq,linear-phase,48000,2049,385,8192,192,0,1.55897226e-07,1.16842982e-06,5.44861379e-06,192,1.75609659e-13,1,0.0599967457
parametric-eq,linear-phase,48000,2049,449,8192,224,0,7.51760763e-09,5.66789152e-08,2.51514521e-07,224,3.52910397e-13,1,0.0599967457
parametric-eq,linear-phase,48000,2049,513,8192,256,0,3.64390932e-10,2.75020727e-09,1.03260976e-08,256,3.50646977e-13,1,0.0599967457
parametric-eq,linear-phase,48000,2049,577,8192,288,0,1.87245635e-11,1.41757417e-10,5.0839344e-10,288,4.8745051e-13,1,0.0599967457
parametric-eq,linear-phase,48000,2049,641,8192,320,0,8.76716039e-13,6.67454775e-12,2.59693387e-11,320,4.39001822e-13,1,0.0599967457
parametric-eq,linear-phase,48000,2049,705,8192,352,0,3.49526918e-14,2.67465852e-13,1.16008594e-12,352,4.27861082e-13,1,0.0599967457
parametric-eq,linear-phase,48000,2049,769,8192,384,0,1.18495339e-15,9.21797857e-15,4.24304085e-14,384,5.5520861e-13,1,0.0599967457
parametric-eq,linear-phase,48000,2049,833,8192,416,0,2.44094461e-16,2.22851321e-15,8.6789472e-15,416,6.82405915e-13,1,0.0599967457
parametric-eq,linear-phase,48000,2049,897,8192,448,0,2.35872328e-16,2.1695243e-15,9.64327467e-15,448,8.69045713e-13,1,0.0599967457
parametric-eq,linear-phase,48000,2049,961,8192,480,0,2.50529057e-16,2.28518598e-15,7.71461973e-15,480,9.38808045e-13,1,0.0599967457
parametric-eq,linear-phase,48000,2049,1025,8192,512,0,1.91317376e-16,1.74203653e-15,7.71461973e-15,512,1.17239803e-12,1,0.0599967457
crossover,mixed-phase,48000,2049,129,8192,0,0,3.60056386e-08,0.00164555372,0.0343854468,10.4603887,0.812674793,129,0
crossover,mixed-phase,48000,2049,129,8192,4,2,4.37205272e-08,0.00182664681,0.0376666401,14.4603885,0.812674799,121,3.10862447e-14
crossover,mixed-phase,48000,2049,129,8192,8,2,5.23974826e-08,0.00204501009,0.0415137182,18.4603883,0.81267482,113,9.41469125e-14
crossover,mixed-phase,48000,2049,129,8192,12,2,6.86243727e-08,0.00220999101,0.0440522202,22.4603883,0.812674982,105,1.80300219e-13
crossover,mixed-phase,48000,2049,129,8192,16,2,3.60300207e-07,0.00263365894,0.0439374815,26.4603872,0.812673445,97,2.70228284e-13
crossover,mixed-phase,48000,2049,129,8192,20,1,6.77699908e-07,0.00563549475,0.0728282249,30.4603865,0.812672612,89,1.81543669e-12
crossover,mixed-phase,48000,2049,129,8192,24,1,5.9982812e-06,0.0291121313,0.177184599,34.4603668,0.812648879,81,4.98816544e-10
crossover,mixed-phase,48000,2049,129,8192,28,1,1.03216159e-05,0.0435819216,0.164838975,38.4603506,0.812626465,73,2.03084627e-09
crossover,mixed-phase,48000,2049,129,8192,32,1,9.35467186e-05,0.476206927,2.02184137,42.4608018,0.812154429,65,3.11672819e-05
crossover,mixed-phase,48000,2049,129,8192,36,3,0.00017801516,0.316801971,1.34009688,46.4608226,0.812014237,57,2.46831334e-05
crossover,mixed-phase,48000,2049,129,8192,40,1,0.0343626104,2.56475161,15.7038569,50.3872607,0.832304756,49,0.369291526
crossover,mixed-phase,48000,2049,129,8192,44,1,0.0232280069,0.751979172,4.45135549,54.4520312,0.807001542,41,0.0356180926
crossover,mixed-phase,48000,2049,129,8192,48,1,0.0175609528,2.88519695,42.8669969,57.3646275,0.584955985,33,0.543255909
crossover,mixed-phase,48000,2049,129,8192,52,1,0.0687533438,2.1210045,15.0243182,61.2726134,0.0819236698,25,0.580151871
crossover,mixed-phase,48000,2049,129,8192,56,1,0.0117807696,5.36074416,42.8656079,62.3329408,0.0423255705,17,0.737989859
crossover,mixed-phase,48000,2049,129,8192,60,1,4.57789834e-06,0.00584464611,0.0810783626,62.2199805,0.0256098691,9,0.853128302
crossover,mixed-phase,48000,2049,129,8192,64,0,4.35856092e-06,0.00912501744,0.114643632,64,2.05439347e-14,1,0.876622388
crossover,mixed-phase,48000,2049,257,8192,0,0,1.04674369e-08,0.000483650511,0.0110283622,10.4603887,0.812674795,257,0
crossover,mixed-phase,48000,2049,257,8192,8,2,1.19869656e-08,0.000550478254,0.0125095016,18.4603887,0.812674802,241,2.22044605e-16
crossover,mixed-phase,48000,2049,257,8192,16,2,1.37288142e-08,0.000629255042,0.0142297464,26.4603887,0.812674847,225,8.8817842e-16
crossover,mixed-phase,48000,2049,257,8192,24,2,1.58060009e-08,0.00072306216,0.0162432137,34.4603887,0.812674871,209,1.99840144e-15
crossover,mixed-phase,48000,2049,257,8192,32,2,1.83186649e-08,0.000836099317,0.018621499,42.4603887,0.812674819,193,1.08801856e-14
crossover,mixed-phase,48000,2049,257,8192,40,2,2.14028747e-08,0.000974228975,0.0214613968,50.4603886,0.812674734,177,1.84297022e-14
crossover,mixed-phase,48000,2049,257,8192,48,2,2.5255012e-08,0.00114586493,0.0248970726,58.4603887,0.812674767,161,4.01900735e-14
crossover,mixed-phase,48000,2049,257,8192,56,2,3.01699097e-08,0.00136351998,0.0291207344,66.4603887,0.812674854,145,8.65973959e-14
crossover,mixed-phase,48000,2049,257,8192,64,2,3.65816278e-08,0.00164558848,0.034399717,74.4603887,0.812674825,129,1.92956762e-13
crossover,mixed-phase,48000,2049,257,8192,72,2,5.02813928e-08,0.00204505635,0.0415332127,82.4603885,0.812674601,113,4.64073224e-13
crossover,mixed-phase,48000,2049,257,8192,80,1,3.6365336e-07,0.00263794436,0.0439058344,90.4603873,0.812672848,97,2.88435942e-13
crossover,mixed-phase,48000,2049,257,8192,88,1,0.000161891664,0.00575421002,0.0769335749,98.4603626,0.812644289,81,1.07520011e-05
crossover,mixed-phase,48000,2049,257,8192,96,1,5.86972319e-05,0.0584684058,0.317872152,106.459998,0.812129908,65,0.00301675877
crossover,mixed-phase,48000,2049,257,8192,104,5,0.0131364111,1.62256278,8.75067345,114.265822,0.802629786,49,0.157158818
crossover,mixed-phase,48000,2049,257,8192,112,5,0.00260218394,1.00292915,4.93322114,121.347252,0.583213185,33,0.543246352
crossover,mixed-phase,48000,2049,257,8192,120,1,0.000759203554,0.563856855,2.51996279,126.402357,0.0443759338,17,0.73600448
crossover,mixed-phase,48000,2049,257,8192,128,0,3.88445105e-08,0.00177367101,0.0367735888,128,6.02382138e-14,1,0.876622388
crossover,mixed-phase,48000,2049,513,8192,0,0,1.61084364e-09,7.44815758e-05,0.00158301198,10.4603887,0.812674794,513,0
crossover,mixed-phase,48000,2049,513,8192,16,2,2.0371418e-09,9.42326118e-05,0.00204064062,26.4603887,0.812674795,481,0
crossover,mixed-phase,48000,2049,513,8192,32,2,2.56511987e-09,0.000118699313,0.00261227511,42.4603887,0.812674795,449,0
crossover,mixed-phase,48000,2049,513,8192,48,2,3.22223777e-09,0.000149135677,0.00332685161,58.4603887,0.812674794,417,0
crossover,mixed-phase,48000,2049,513,8192,64,2,4.04563674e-09,0.000187246064,0.00422266491,74.4603887,0.812674795,385,0
crossover,mixed-phase,48000,2049,513,8192,80,2,5.08721329e-09,0.000235405849,0.00535153352,90.4603887,0.812674794,353,0
crossover,mixed-phase,48000,2049,513,8192,96,2,6.42165407e-09,0.000297023635,0.00678541904,106.460389,0.812674795,321,2.22044605e-16
crossover,mixed-phase,48000,2049,513,8192,112,2,8.16025507e-09,0.000377161915,0.00862737365,122.460389,0.812674795,289,4.4408921e-16
crossover,mixed-phase,48000,2049,513,8192,128,2,1.04759526e-08,0.000483656316,0.0110305215,138.460389,0.812674796,257,1.11022302e-15
crossover,mixed-phase,48000,2049,513,8192,144,2,1.36515639e-08,0.000629263124,0.0142329132,154.460389,0.812674796,225,3.33066907e-15
crossover,mixed-phase,48000,2049,513,8192,160,1,1.81827465e-08,0.000836137762,0.0186268281,170.460389,0.812674797,193,4.4408921e-15
crossover,mixed-phase,48000,2049,513,8192,176,2,7.82081359e-06,0.00104124743,0.0224662026,186.460389,0.812674797,161,2.84534074e-09
crossover,mixed-phase,48000,2049,513,8192,192,2,6.99435409e-06,0.000909783693,0.0197229547,202.460389,0.812674793,129,2.36222896e-08
crossover,mixed-phase,48000,2049,513,8192,208,1,5.95658347e-06,0.000787701985,0.0172246365,218.460387,0.812672867,97,8.10338563e-08
crossover,mixed-phase,48000,2049,513,8192,224,1,9.6050093e-06,0.00133239922,0.00808393537,234.460002,0.812129892,65,0.0030314003
crossover,mixed-phase,48000,2049,513,8192,240,12,0.00127292241,0.663634199,3.45402724,249.364952,0.583837585,33,0.559451082
crossover,mixed-phase,48000,2049,513,8192,256,0,1.10264964e-08,0.000509392736,0.0116124817,256,1.59813416e-13,1,0.876622388
crossover,mixed-phase,48000,2049,1025,8192,0,0,4.30233787e-13,1.97355132e-08,4.02198774e-07,10.4603887,0.812674794,1025,0
crossover,mixed-phase,48000,2049,1025,8192,32,2,2.52867314e-12,1.053497e-07,8.91072527e-07,42.4603887,0.812674794,961,0
crossover,mixed-phase,48000,2049,1025,8192,64,2,2.03489481e-11,9.01141415e-07,1.02833883e-05,74.4603887,0.812674794,897,0
crossover,mixed-phase,48000,2049,1025,8192,96,2,6.70506641e-11,3.02750849e-06,4.28136526e-05,106.460389,0.812674794,833,0
crossover,mixed-phase,48000,2049,1025,8192,128,1,1.59392187e-10,7.26753903e-06,0.000117515164,138.460389,0.812674794,769,0
crossover,mixed-phase,48000,2049,1025,8192,160,1,3.19990647e-10,1.46759049e-05,0.000261269078,170.460389,0.812674794,705,0
crossover,mixed-phase,48000,2049,1025,8192,192,1,5.80560896e-10,2.67288386e-05,0.000512231299,202.460389,0.812674794,641,0
crossover,mixed-phase,48000,2049,1025,8192,224,1,9.87343087e-10,4.55745814e-05,0.000925492317,234.460389,0.812674794,577,0
crossover,mixed-phase,48000,2049,1025,8192,256,2,1.61084907e-09,7.44817514e-05,0.00158308025,266.460389,0.812674794,513,0
crossover,mixed-phase,48000,2049,1025,8192,288,2,2.56462217e-09,0.000118699684,0.00261241593,298.460389,0.812674794,449,0
crossover,mixed-phase,48000,2049,1025,8192,320,2,4.04437963e-09,0.000187246808,0.00422295027,330.460389,0.812674794,385,0
crossover,mixed-phase,48000,2049,1025,8192,352,2,1.63295964e-06,0.000249157928,0.00558301476,362.460389,0.812674795,321,3.22527338e-10
crossover,mixed-phase,48000,2049,1025,8192,384,2,1.33602344e-06,0.000201018952,0.00445482203,394.460389,0.812674795,257,2.40048559e-09
crossover,mixed-phase,48000,2049,1025,8192,416,1,1.07104612e-06,0.000160614076,0.00351985456,426.460389,0.812674796,193,8.38188152e-09
crossover,mixed-phase,48000,2049,1025,8192,448,1,8.52642021e-07,0.000127596404,0.00276329991,458.460389,0.812674793,129,3.37518421e-08
crossover,mixed-phase,48000,2049,1025,8192,480,1,7.65029855e-07,0.000113667374,0.00220351766,490.460002,0.812129892,65,0.00303142158
crossover,mixed-phase,48000,2049,1025,8192,512,0,1.69600714e-09,7.84329955e-05,0.00167601573,512,4.60839255e-13,1,0.876622388
crossover,linear-phase,48000,2049,65,8192,32,0,0.0021508612,6.33576512,44.9964773,32,1.0803783e-14,1,0.876621815
crossover,linear-phase,48000,2049,129,8192,64,0,4.35856092e-06,0.00912501744,0.114643632,64,2.05439347e-14,1,0.876622388
crossover,linear-phase,48000,2049,193,8192,96,0,6.20903196e-08,0.00279245395,0.054206524,96,7.37590598e-14,1,0.876622388
crossover,linear-phase,48000,2049,257,8192,128,0,3.88445105e-08,0.00177367101,0.0367735888,128,6.02382138e-14,1,0.876622388
crossover,linear-phase,48000,2049,321,8192,160,0,2.66481758e-08,0.00122270872,0.0264329138,160,1.96471797e-13,1,0.876622388
crossover,linear-phase,48000,2049,385,8192,192,0,1.92634933e-08,0.000886688468,0.0196901521,192,1.796764e-13,1,0.876622388
crossover,linear-phase,48000,2049,449,8192,224,0,1.44072668e-08,0.000664589072,0.015007462,224,2.71973648e-13,1,0.876622388
crossover,linear-phase,48000,2049,513,8192,256,0,1.10264964e-08,0.000509392736,0.0116124817,256,1.59813416e-13,1,0.876622388
crossover,linear-phase,48000,2049,577,8192,288,0,8.57418996e-09,0.000396503503,0.00907469554,288,2.21064257e-13,1,0.876622388
crossover,linear-phase,48000,2049,641,8192,320,0,6.74028437e-09,0.000311902346,0.00713502211,320,4.50376723e-13,1,0.876622388
crossover,linear-phase,48000,2049,705,8192,352,0,5.33687502e-09,0.000247055685,0.00562810839,352,3.12423606e-13,1,0.876622388
crossover,linear-phase,48000,2049,769,8192,384,0,4.2438994e-09,0.000196490884,0.00444338376,384,4.1280593e-13,1,0.876622388
crossover,linear-phase,48000,2049,833,8192,416,0,3.38126867e-09,0.000156546031,0.00350404998,416,3.8191169e-13,1,0.876622388
crossover,linear-phase,48000,2049,897,8192,448,0,2.69361325e-09,0.000124682712,0.00275505791,448,4.6780774e-13,1,0.876622388
crossover,linear-phase,48000,2049,961,8192,480,0,2.14147767e-09,9.90879035e-05,0.00215588478,480,4.55600152e-13,1,0.876622388
crossover,linear-phase,48000,2049,1025,8192,512,0,1.69600714e-09,7.84329955e-05,0.00167601573,512,4.60839255e-13,1,0.876622388
deep-notch,mixed-phase,48000,2049,129,8192,0,0,0.000667578051,0.797194221,11.2429001,9.93768946,7.4968029,129,0
deep-notch,mixed-phase,48000,2049,129,8192,4,1,0.00732847136,1.17980232,16.0169798,13.970375,7.49526454,121,0.000259667742
deep-notch,mixed-phase,48000,2049,129,8192,8,1,0.0183417893,1.6188966,17.7609648,17.9647786,7.64314328,113,0.00344912798
deep-notch,mixed-phase,48000,2049,129,8192,12,12,0.00441960566,0.915773117,9.58784377,18.6092069,8.52390473,105,0.058406956
deep-notch,mixed-phase,48000,2049,129,8192,16,7,0.00310269738,0.998934632,13.6821865,21.9817517,7.29333738,97,0.0419268229
deep-notch,mixed-phase,48000,2049,129,8192,20,3,0.00644360558,1.21679319,10.7842269,27.3523503,6.20322844,89,0.0266870076
deep-notch,mixed-phase,48000,2049,129,8192,24,1,0.00786456873,1.91082545,24.6015619,32.2385459,5.95222654,81,0.013938615
deep-notch,mixed-phase,48000,2049,129,8192,28,2,0.0151401013,1.98090625,18.3774248,36.0464935,6.08156447,73,0.0246569002
deep-notch,mixed-phase,48000,2049,129,8192,32,2,0.00982231217,1.11300897,8.34176724,39.7014926,5.00097397,65,0.0280810565
deep-notch,mixed-phase,48000,2049,129,8192,36,1,0.00841314841,1.34412768,48.3360142,42.3320406,3.98624327,57,0.0349877706
deep-notch,mixed-phase,48000,2049,129,8192,40,2,0.0155372962,1.46986068,32.5251894,46.642615,3.67958616,49,0.036416234
deep-notch,mixed-phase,48000,2049,129,8192,44,4,0.0148451618,1.30165496,32.8317783,50.5148867,3.63748158,41,0.0376092118
deep-notch,mixed-phase,48000,2049,129,8192,48,1,0.0148225584,1.48359707,47.9442953,52.3019699,1.87259534,33,0.0473419058
deep-notch,mixed-phase,48000,2049,129,8192,52,2,0.0101447424,1.45541857,34.957665,56.8542835,1.70453436,25,0.047331126
deep-notch,mixed-phase,48000,2049,129,8192,56,2,0.00575739361,1.71240922,30.1078587,58.8565169,0.461761225,17,0.0598685627
deep-notch,mixed-phase,48000,2049,129,8192,60,1,0.00841138927,3.1627906,49.4461377,60.2254717,1.92918074,9,0.106104797
deep-notch,mixed-phase,48000,2049,129,8192,64,0,0.00463293756,2.80794744,47.9722244,64,8.43706598e-11,1,0.0642497876
deep-notch,mixed-phase,48000,2049,257,8192,0,0,5.20003722e-07,0.00105534425,0.0135597597,9.93629211,7.50130846,257,0
deep-notch,mixed-phase,48000,2049,257,8192,8,2,1.5185723e-06,0.00310232497,0.039487303,17.9362994,7.50130173,241,2.89990254e-13
deep-notch,mixed-phase,48000,2049,257,8192,16,1,3.60514653e-06,0.00714347074,0.0915048553,25.9362981,7.50130818,225,7.11919412e-12
deep-notch,mixed-phase,48000,2049,257,8192,24,1,1.07766304e-05,0.0201080686,0.257381744,33.9364951,7.50143128,209,6.52629173e-10
deep-notch,mixed-phase,48000,2049,257,8192,32,1,2.88858656e-05,0.0434541364,0.573313719,41.93673,7.50230944,193,1.83052908e-08
deep-notch,mixed-phase,48000,2049,257,8192,40,1,0.000147433846,0.122320363,1.61287832,49.9373456,7.50580797,177,1.36616547e-06
deep-notch,mixed-phase,48000,2049,257,8192,48,1,0.000519335599,0.243571376,3.0794118,57.9464362,7.49583408,161,2.39482787e-05
deep-notch,mixed-phase,48000,2049,257,8192,56,3,0.00323575115,0.715154315,9.36549371,65.9981897,7.5740899,145,0.0121323902
deep-notch,mixed-phase,48000,2049,257,8192,64,2,0.0166930085,0.797990779,15.2798998,73.9322615,8.17057458,129,0.00688696275
deep-notch,mixed-phase,48000,2049,257,8192,72,2,0.00397136536,1.04698138,23.9769099,80.8570293,7.03249026,113,0.0159833682
deep-notch,mixed-phase,48000,2049,257,8192,80,2,0.0235344123,1.65713357,43.9273769,89.1616237,8.0972175,97,0.0266399504
deep-notch,mixed-phase,48000,2049,257,8192,88,2,0.0116522434,1.12358105,29.493478,96.428496,6.23342873,81,0.020347501
deep-notch,mixed-phase,48000,2049,257,8192,96,1,0.00399898817,1.62126359,60.7794801,102.725111,4.83251522,65,0.0301637904
deep-notch,mixed-phase,48000,2049,257,8192,104,2,0.0019243992,0.833098222,9.06107861,108.960425,3.68371182,49,0.0445313785
deep-notch,mixed-phase,48000,2049,257,8192,112,1,0.00030426016,0.135459739,1.81951116,115.83926,1.75068603,33,0.0490463041
deep-notch,mixed-phase,48000,2049,257,8192,120,1,0.000208556712,0.163289164,1.98208512,121.802218,1.37500474,17,0.0700166197
deep-notch,mixed-phase,48000,2049,257,8192,128,0,8.94462145e-05,0.173214272,2.00908395,128,2.33552305e-13,1,0.0642720828
deep-notch,mixed-phase,48000,2049,513,8192,0,0,1.19874712e-14,2.77958105e-11,3.56824306e-10,9.93629466,7.50130656,513,0
deep-notch,mixed-phase,48000,2049,513,8192,16,1,1.33822674e-13,3.0190245e-10,3.84944288e-09,25.9362947,7.50130656,481,0
deep-notch,mixed-phase,48000,2049,513,8192,32,1,1.39654016e-12,3.0266198e-09,3.85210249e-08,41.9362947,7.50130656,449,0
deep-notch,mixed-phase,48000,2049,513,8192,48,2,1.36138767e-11,2.83444082e-08,3.62543347e-07,57.9362947,7.50130656,417,0
deep-notch,mixed-phase,48000,2049,513,8192,64,1,1.24773975e-10,2.524753e-07,3.24317271e-06,73.9362947,7.50130656,385,0
deep-notch,mixed-phase,48000,2049,513,8192,80,1,1.083938e-09,2.17074516e-06,2.75136388e-05,89.9362947,7.50130655,353,0
deep-notch,mixed-phase,48000,2049,513,8192,96,2,8.96481707e-09,1.8033838e-05,0.000228066979,105.936295,7.50130654,321,0
deep-notch,mixed-phase,48000,2049,513,8192,112,1,7.0397699e-08,0.000142760912,0.00182192387,121.936295,7.50130646,289,0
deep-notch,mixed-phase,48000,2049,513,8192,128,1,5.2001245e-07,0.00105535033,0.0135548678,137.936292,7.50130858,257,9.99200722e-15
deep-notch,mixed-phase,48000,2049,513,8192,144,12,3.53972246e-06,0.00710603809,0.0912254282,153.936389,7.50138053,225,1.08343634e-09
deep-notch,mixed-phase,48000,2049,513,8192,160,1,2.30380574e-05,0.0436348866,0.570432092,169.936541,7.50156379,193,3.59953792e-08
deep-notch,mixed-phase,48000,2049,513,8192,176,1,0.000715079599,0.242878031,2.9705656,185.945974,7.50710604,161,3.47939382e-05
deep-notch,mixed-phase,48000,2049,513,8192,192,3,0.0110120617,0.67845531,11.1676122,201.965224,7.48787509,129,0.00090994328
deep-notch,mixed-phase,48000,2049,513,8192,208,1,0.0070440811,0.929488964,14.4607528,217.049918,6.83965534,97,0.019250779
deep-notch,mixed-phase,48000,2049,513,8192,224,1,0.00054011062,0.126738618,1.48653355,230.913647,4.93074667,65,0.0311298687
deep-notch,mixed-phase,48000,2049,513,8192,240,2,6.66267364e-08,2.62782878e-05,0.000323946953,243.843876,1.74640901,33,0.0490567542
deep-notch,mixed-phase,48000,2049,513,8192,256,0,1.03038504e-08,2.24863842e-05,0.000282809943,256,8.64991511e-13,1,0.0642720903
deep-notch,mixed-phase,48000,2049,1025,8192,0,0,2.8848203e-16,1.57986747e-13,3.21121046e-12,9.93629466,7.50130656,1025,0
deep-notch,mixed-phase,48000,2049,1025,8192,32,2,1.19051175e-15,1.75943838e-13,3.45614964e-12,41.9362947,7.50130656,961,0
deep-notch,mixed-phase,48000,2049,1025,8192,64,1,5.22490489e-16,2.19006721e-13,3.5005087e-12,73.9362947,7.50130656,897,0
deep-notch,mixed-phase,48000,2049,1025,8192,96,2,7.45068753e-16,1.67677005e-13,3.01545199e-12,105.936295,7.50130656,833,0
deep-notch,mixed-phase,48000,2049,1025,8192,128,2,8.57557413e-16,1.91628016e-13,3.87273911e-12,137.936295,7.50130656,769,0
deep-notch,mixed-phase,48000,2049,1025,8192,160,1,5.10235547e-16,2.3199248e-13,6.1581952e-12,169.936295,7.50130656,705,0
deep-notch,mixed-phase,48000,2049,1025,8192,192,2,2.75780185e-16,1.47290367e-13,2.72615375e-12,201.936295,7.50130656,641,0
deep-notch,mixed-phase,48000,2049,1025,8192,224,2,4.26485604e-16,2.70201879e-13,5.43591393e-12,233.936295,7.50130656,577,0
deep-notch,mixed-phase,48000,2049,1025,8192,256,2,1.19805103e-14,2.77893618e-11,3.54064401e-10,265.936295,7.50130656,513,0
deep-notch,mixed-phase,48000,2049,1025,8192,288,1,1.39654178e-12,3.02661674e-09,3.85147529e-08,297.936295,7.50130656,449,0
deep-notch,mixed-phase,48000,2049,1025,8192,320,1,1.24773976e-10,2.52475316e-07,3.24317017e-06,329.936295,7.50130656,385,0
deep-notch,mixed-phase,48000,2049,1025,8192,352,2,1.21750286e-07,1.7942639e-05,0.000219843401,361.936295,7.50130654,321,4.28546088e-14
deep-notch,mixed-phase,48000,2049,1025,8192,384,1,1.70025673e-05,0.000468817371,0.00415691346,393.936292,7.50130849,257,1.18521887e-08
deep-notch,mixed-phase,48000,2049,1025,8192,416,1,6.96674974e-05,0.00229200343,0.0362290948,425.93623,7.50134375,193,2.50315863e-05
deep-notch,mixed-phase,48000,2049,1025,8192,448,1,0.00827690849,0.32703502,3.65253588,457.841485,7.43087039,129,0.00982281383
deep-notch,mixed-phase,48000,2049,1025,8192,480,1,2.68262978e-05,0.00673909433,0.0760538476,486.916081,4.9320476,65,0.0311210175
deep-notch,mixed-phase,48000,2049,1025,8192,512,0,1.78317321e-16,1.42196101e-13,2.42721223e-12,512,3.20605194e-12,1,0.0642720903
deep-notch,linear-phase,48000,2049,65,8192,32,0,0.0297474547,5.20263789,38.7041489,32,3.18693044e-13,1,0.0634323641
deep-notch,linear-phase,48000,2049,129,8192,64,0,0.00463293756,2.80794744,47.9722244,64,8.43706598e-11,1,0.0642497876
deep-notch,linear-phase,48000,2049,193,8192,96,0,0.000682731748,1.13446311,27.7950317,96,2.08277959e-12,1,0.0642716385
deep-notch,linear-phase,48000,2049,257,8192,128,0,8.94462145e-05,0.173214272,2.00908395,128,2.33552305e-13,1,0.0642720828
deep-notch,linear-phase,48000,2049,321,8192,160,0,1.04679972e-05,0.0214890602,0.276141668,160,3.36644216e-13,1,0.0642720902
deep-notch,linear-phase,48000,2049,385,8192,192,0,1.12495452e-06,0.0023355739,0.0291720486,192,4.44148602e-13,1,0.0642720903
deep-notch,linear-phase,48000,2049,449,8192,224,0,1.12105398e-07,0.000236743421,0.00292617493,224,5.0208538e-13,1,0.0642720903
deep-notch,linear-phase,48000,2049,513,8192,256,0,1.03038504e-08,2.24863842e-05,0.000282809943,256,8.64991511e-13,1,0.0642720903
deep-notch,linear-phase,48000,2049,577,8192,288,0,8.61202498e-10,1.95810323e-06,2.50167423e-05,288,9.02363258e-13,1,0.0642720903
deep-notch,linear-phase,48000,2049,641,8192,320,0,6.50908461e-11,1.52562434e-07,1.96780356e-06,320,1.132463e-12,1,0.0642720903
deep-notch,linear-phase,48000,2049,705,8192,352,0,4.53631175e-12,1.06071801e-08,1.37196179e-07,352,1.20347264e-12,1,0.0642720903
deep-notch,linear-phase,48000,2049,769,8192,384,0,3.06472429e-13,6.84586382e-10,8.82258282e-09,384,1.635228e-12,1,0.0642720903
deep-notch,linear-phase,48000,2049,833,8192,416,0,2.08608407e-14,4.44877412e-11,5.65687992e-10,416,1.54252844e-12,1,0.0642720903
deep-notch,linear-phase,48000,2049,897,8192,448,0,1.40081079e-15,3.00369455e-12,3.89781162e-11,448,1.96620266e-12,1,0.0642720903
deep-notch,linear-phase,48000,2049,961,8192,480,0,2.25543139e-16,2.65042217e-13,4.32211571e-12,480,2.24980459e-12,1,0.0642720903
deep-notch,linear-phase,48000,2049,1025,8192,512,0,1.78317321e-16,1.42196101e-13,2.42721223e-12,512,3.20605194e-12,1,0.0642720903
room-correction,mixed-phase,48000,2049,129,8192,0,0,0.0238862854,0.718057418,12.9125359,0.553448184,1.72633474,129,0
room-correction,mixed-phase,48000,2049,129,8192,4,1,0.0251396735,0.721610452,12.8718953,4.56102489,1.68827773,121,0.0005171967
room-correction,mixed-phase,48000,2049,129,8192,8,2,0.0254179846,0.724121631,13.1247591,8.58433394,1.65283629,113,0.00259316629
room-correction,mixed-phase,48000,2049,129,8192,12,4,0.026542191,0.734995477,13.1743607,12.6496965,1.84979455,105,0.0145309218
room-correction,mixed-phase,48000,2049,129,8192,16,4,0.0285589643,0.778930335,13.7290996,16.6276544,1.76940188,97,0.0290058928
room-correction,mixed-phase,48000,2049,129,8192,20,1,0.0271526345,0.825700592,13.8346558,20.5536791,1.42865747,89,0.00493499773
room-correction,mixed-phase,48000,2049,129,8192,24,1,0.0266759621,0.81908927,13.2168182,24.5574064,1.42463016,81,0.00539993588
room-correction,mixed-phase,48000,2049,129,8192,28,1,0.0277209204,0.818399316,13.8038505,28.5639972,1.46086623,73,0.00727363854
room-correction,mixed-phase,48000,2049,129,8192,32,1,0.0280302727,0.833196972,13.5818166,32.5638628,1.54054679,65,0.00860890499
room-correction,mixed-phase,48000,2049,129,8192,36,1,0.0283706044,0.829572145,13.4059502,36.5592839,1.48537333,57,0.0102967017
room-correction,mixed-phase,48000,2049,129,8192,40,1,0.0288293743,0.833979002,13.2279538,40.548542,1.31798967,49,0.0137509696
room-correction,mixed-phase,48000,2049,129,8192,44,1,0.0259779154,0.850105434,12.5445183,44.5449142,1.2715527,41,0.0110840068
room-correction,mixed-phase,48000,2049,129,8192,48,2,0.0411192865,1.47762907,17.0566169,48.3828993,2.50301107,33,0.0364902172
room-correction,mixed-phase,48000,2049,129,8192,52,2,0.0458611481,0.994208451,13.6396314,53.0399782,1.97544752,25,0.0657334279
room-correction,mixed-phase,48000,2049,129,8192,56,1,0.0672878044,2.34903942,29.7003964,56.4811746,1.07446177,17,0.0978831098
room-correction,mixed-phase,48000,2049,129,8192,60,2,0.0293517724,1.01420372,12.6555125,60.5123304,0.924338534,9,0.0180606286
room-correction,mixed-phase,48000,2049,129,8192,64,0,0.02508558,0.905176075,11.9498554,64,7.2149703e-14,1,0.0439288916
room-correction,mixed-phase,48000,2049,257,8192,0,0,0.0183218263,0.722299182,19.6322841,0.581496631,3.43907507,257,0
room-correction,mixed-phase,48000,2049,257,8192,8,7,0.0282177641,0.793261148,20.9149771,8.81373543,2.98039512,241,0.107922737
room-correction,mixed-phase,48000,2049,257,8192,16,1,0.0219238212,0.81769425,21.1955159,16.5922441,3.66563606,225,0.0047157337
room-correction,mixed-phase,48000,2049,257,8192,24,3,0.0229615237,0.791602116,15.6337934,24.604709,2.90131776,209,0.0285088035
room-correction,mixed-phase,48000,2049,257,8192,32,3,0.0221031592,0.764386761,13.0762139,32.6266698,2.84668853,193,0.0284848821
room-correction,mixed-phase,48000,2049,257,8192,40,3,0.0215996048,0.737897187,10.1050468,40.5925007,2.29619398,177,0.0283998845
room-correction,mixed-phase,48000,2049,257,8192,48,4,0.0223051978,0.711081902,9.42109526,48.5970075,2.24231546,161,0.0542696533
room-correction,mixed-phase,48000,2049,257,8192,56,3,0.0219324321,0.698853014,9.32250445,56.5900812,2.12442605,145,0.0318594833
room-correction,mixed-phase,48000,2049,257,8192,64,3,0.0226991793,0.681472776,9.54163709,64.5784342,1.83335574,129,0.03788615
room-correction,mixed-phase,48000,2049,257,8192,72,3,0.0242649076,0.679864224,9.65585893,72.5853328,2.28825962,113,0.0508510124
room-correction,mixed-phase,48000,2049,257,8192,80,1,0.0246989835,0.797727179,10.4717673,80.5551283,1.47645507,97,0.014075964
room-correction,mixed-phase,48000,2049,257,8192,88,1,0.0247392088,0.838687832,10.2327621,88.5555432,1.39043599,81,0.0162027978
room-correction,mixed-phase,48000,2049,257,8192,96,1,0.0283739838,0.905401978,9.97369389,96.5503838,1.34988194,65,0.020739693
room-correction,mixed-phase,48000,2049,257,8192,104,1,0.0313589446,1.0610475,10.5864023,104.53585,1.29662827,49,0.0319705034
room-correction,mixed-phase,48000,2049,257,8192,112,1,0.0322798471,2.13216753,43.3415919,112.481684,1.03088302,33,0.0392024487
room-correction,mixed-phase,48000,2049,257,8192,120,1,0.0304041517,2.00065734,47.7561076,120.448087,0.86211423,17,0.0341815759
room-correction,mixed-phase,48000,2049,257,8192,128,0,0.0205911412,1.38069554,24.6411806,128,2.82807936e-13,1,0.0441044565
room-correction,mixed-phase,48000,2049,513,8192,0,0,0.00885219347,0.555044395,19.8530941,0.622590246,8.97907692,513,0
room-correction,mixed-phase,48000,2049,513,8192,16,12,0.0113626899,0.544336724,14.3324289,16.7241218,6.06083137,481,0.0396021671
room-correction,mixed-phase,48000,2049,513,8192,32,11,0.0108282254,0.52951399,11.4880519,32.6971037,5.3138773,449,0.0358722204
room-correction,mixed-phase,48000,2049,513,8192,48,9,0.0110279575,0.532743307,13.0392965,48.6478325,5.43164419,417,0.0223593199
room-correction,mixed-phase,48000,2049,513,8192,64,12,0.0117004959,0.53542291,14.3213699,64.6562375,5.23050418,385,0.0507527536
room-correction,mixed-phase,48000,2049,513,8192,80,10,0.0124591612,0.546785903,13.4832124,80.6461715,4.49302216,353,0.0342079192
room-correction,mixed-phase,48000,2049,513,8192,96,6,0.0132198695,0.569881253,12.4694098,96.6279933,3.56828553,321,0.0244709942
room-correction,mixed-phase,48000,2049,513,8192,112,3,0.0144671394,0.651465466,16.4798932,112.612064,3.41991234,289,0.0196487521
room-correction,mixed-phase,48000,2049,513,8192,128,2,0.0163276807,0.695052836,15.3791628,128.609795,3.47205173,257,0.0180394064
room-correction,mixed-phase,48000,2049,513,8192,144,1,0.0187563573,0.757183958,15.263027,144.596649,3.76447579,225,0.00807965618
room-correction,mixed-phase,48000,2049,513,8192,160,2,0.0200614273,0.761055063,11.86964,160.603337,3.05713226,193,0.021460136
room-correction,mixed-phase,48000,2049,513,8192,176,2,0.0214272077,0.66626198,9.68701729,176.576493,1.72616105,161,0.0176701376
room-correction,mixed-phase,48000,2049,513,8192,192,1,0.0200252601,0.584504794,9.31052299,192.552782,1.60582633,129,0.0113826842
room-correction,mixed-phase,48000,2049,513,8192,208,3,0.0163862829,1.30695434,52.3899802,208.381112,2.2862307,97,0.0252035456
room-correction,mixed-phase,48000,2049,513,8192,224,3,0.0139185854,1.15842178,28.416478,224.347747,2.11763253,65,0.0194900913
room-correction,mixed-phase,48000,2049,513,8192,240,3,0.0143372052,1.05065065,32.4167684,240.422442,2.25359843,33,0.0727658341
room-correction,mixed-phase,48000,2049,513,8192,256,0,0.0122858993,1.0427283,31.8317744,256,2.54277608e-12,1,0.0443356368
room-correction,mixed-phase,48000,2049,1025,8192,0,0,0.000579657057,0.0456131936,0.813798706,0.614772585,4.9688292,1025,0
room-correction,mixed-phase,48000,2049,1025,8192,32,12,0.000906790088,0.0690318123,1.21745674,32.6175062,5.0550814,961,8.64000177e-06
room-correction,mixed-phase,48000,2049,1025,8192,64,12,0.00134382393,0.0983047476,1.76520453,64.6188324,5.1324577,897,4.96115884e-05
room-correction,mixed-phase,48000,2049,1025,8192,96,12,0.00191454172,0.134235449,2.52761645,96.6211879,5.20819673,833,0.000209390114
room-correction,mixed-phase,48000,2049,1025,8192,128,12,0.00267992111,0.181333545,3.56200308,128.625543,5.30133161,769,0.000911493869
room-correction,mixed-phase,48000,2049,1025,8192,160,12,0.00391441411,0.256319709,6.32555904,160.63389,5.67422576,705,0.00607877441
room-correction,mixed-phase,48000,2049,1025,8192,192,1,0.00593426624,0.384107476,10.7837016,192.614265,6.60360592,641,0.000469301612
room-correction,mixed-phase,48000,2049,1025,8192,224,1,0.00964787268,0.538460676,15.4814881,224.636331,7.62007438,577,0.00391590396
room-correction,mixed-phase,48000,2049,1025,8192,256,2,0.00857755314,0.505711153,8.09195298,256.64996,6.39498964,513,0.00141284381
room-correction,mixed-phase,48000,2049,1025,8192,288,1,0.0104069847,0.595608552,13.1356864,288.616915,6.08311496,449,0.00121612823
room-correction,mixed-phase,48000,2049,1025,8192,320,3,0.00704558148,0.450734295,8.74398585,320.590808,3.38136297,385,0.0128265911
room-correction,mixed-phase,48000,2049,1025,8192,352,2,0.0150183913,0.538787741,8.39521166,352.607644,3.82878712,321,0.00361704081
room-correction,mixed-phase,48000,2049,1025,8192,384,1,0.00453801161,0.361700323,6.80078181,384.577139,3.34253485,257,0.00525756663
room-correction,mixed-phase,48000,2049,1025,8192,416,1,0.0112395127,0.751563955,18.1416128,416.566872,3.2213524,193,0.0129220638
room-correction,mixed-phase,48000,2049,1025,8192,448,1,0.00360273241,0.274735818,7.99108405,448.55197,1.75921938,129,0.0133507595
room-correction,mixed-phase,48000,2049,1025,8192,480,10,0.00357486044,0.246870426,6.43738962,480.523342,1.48834861,65,0.0167913877
room-correction,mixed-phase,48000,2049,1025,8192,512,0,0.00280486147,0.249554339,5.51184682,512,1.23870574e-11,1,0.044467129
room-correction,linear-phase,48000,2049,65,8192,32,0,0.0345244622,1.18477182,20.6259556,32,2.02511582e-14,1,0.0434169012
room-correction,linear-phase,48000,2049,129,8192,64,0,0.02508558,0.905176075,11.9498554,64,7.2149703e-14,1,0.0439288916
room-correction,linear-phase,48000,2049,193,8192,96,0,0.0230441622,1.19697122,14.3876518,96,6.53578439e-12,1,0.044012805
room-correction,linear-phase,48000,2049,257,8192,128,0,0.0205911412,1.38069554,24.6411806,128,2.82807936e-13,1,0.0441044565
room-correction,linear-phase,48000,2049,321,8192,160,0,0.0183313767,1.54620293,38.0016248,160,1.93798975e-11,1,0.0441783178
room-correction,linear-phase,48000,2049,385,8192,192,0,0.0162144323,1.24755119,26.7473656,192,1.30824727e-11,1,0.0442387057
room-correction,linear-phase,48000,2049,449,8192,224,0,0.0142220604,1.18667809,40.0710647,224,1.06242421e-11,1,0.0442905676
room-correction,linear-phase,48000,2049,513,8192,256,0,0.0122858993,1.0427283,31.8317744,256,2.54277608e-12,1,0.0443356368
room-correction,linear-phase,48000,2049,577,8192,288,0,0.0106359537,1.29870261,62.0530759,288,1.3442107e-10,1,0.044369819
room-correction,linear-phase,48000,2049,641,8192,320,0,0.00910588727,1.32768024,65.8408118,320,1.35493439e-09,1,0.0443979401
room-correction,linear-phase,48000,2049,705,8192,352,0,0.00777475955,1.03144008,37.465005,352,4.03815532e-11,1,0.0444193194
room-correction,linear-phase,48000,2049,769,8192,384,0,0.00655171211,0.863783857,32.5907977,384,2.61890728e-11,1,0.044435681
room-correction,linear-phase,48000,2049,833,8192,416,0,0.00545707557,0.560210862,16.7292101,416,4.75210126e-11,1,0.0444474025
room-correction,linear-phase,48000,2049,897,8192,448,0,0.00442909963,0.416165545,11.1224102,448,1.69132405e-11,1,0.0444565251
room-correction,linear-phase,48000,2049,961,8192,480,0,0.00355084519,0.320722266,7.5535028,480,4.24404709e-11,1,0.0444628398
room-correction,linear-phase,48000,2049,1025,8192,512,0,0.00280486147,0.249554339,5.51184682,512,1.23870574e-11,1,0.044467129
steep-crossover,mixed-phase,48000,2049,129,8192,0,0,0.0435290623,62.9325449,74.7895923,52.6177429,5.6173293,129,0
steep-crossover,mixed-phase,48000,2049,129,8192,4,1,0.450015986,38.1436401,55.8572268,52.7168366,5.75559161,121,0.877902702
steep-crossover,mixed-phase,48000,2049,129,8192,8,1,0.142245425,33.0320251,55.2480702,52.8667471,6.05637546,113,0.91963606
steep-crossover,mixed-phase,48000,2049,129,8192,12,2,0.0587345807,22.8496659,42.7601767,53.0091791,6.40482644,105,0.928966424
steep-crossover,mixed-phase,48000,2049,129,8192,16,6,0.0596273008,7.98333335,28.2997819,53.0743097,6.56279595,97,0.930341411
steep-crossover,mixed-phase,48000,2049,129,8192,20,3,0.0576220759,9.6248966,47.7988723,53.0821911,6.61853872,89,0.938180501
steep-crossover,mixed-phase,48000,2049,129,8192,24,1,0.0848790333,13.3767172,41.7588696,59.1717556,3.88988355,81,0.94106344
steep-crossover,mixed-phase,48000,2049,129,8192,28,5,0.0610835017,5.74111296,27.2842193,54.3904597,5.01566415,73,0.945451835
steep-crossover,mixed-phase,48000,2049,129,8192,32,1,0.156637281,23.9629477,43.0966097,65.4227713,0.054827246,65,0.950778756
steep-crossover,mixed-phase,48000,2049,129,8192,36,1,0.123291891,12.0906872,41.1915107,67.6384358,0.0591801301,57,0.951159873
steep-crossover,mixed-phase,48000,2049,129,8192,40,1,0.0892897526,21.8769217,43.212102,69.9798162,0.0137701394,49,0.954666854
steep-crossover,mixed-phase,48000,2049,129,8192,44,2,0.0716972493,25.4600555,47.7949629,81.9607901,8.06153073,41,0.967214555
steep-crossover,mixed-phase,48000,2049,129,8192,48,1,0.0522326972,40.1074064,62.4951229,74.5993346,0.748082374,33,0.960739511
steep-crossover,mixed-phase,48000,2049,129,8192,52,1,0.0436629469,42.4891138,64.4125581,70.8455969,0.152187381,25,0.959621692
steep-crossover,mixed-phase,48000,2049,129,8192,56,1,0.0484318065,24.7540492,51.8257623,75.9538461,5.17979479,17,0.966874265
steep-crossover,mixed-phase,48000,2049,129,8192,60,3,0.0420695421,28.1885519,52.8646373,65.1241536,0.0155667605,9,0.960326047
steep-crossover,mixed-phase,48000,2049,129,8192,64,0,0.0412757286,50.7739322,67.8874499,64,2.22326126e-14,1,0.960815481
steep-crossover,mixed-phase,48000,2049,257,8192,0,0,0.00047229644,24.8256695,34.5942932,52.3926188,5.71733711,257,0
steep-crossover,mixed-phase,48000,2049,257,8192,8,3,0.0090086558,1.77868875,18.57951,52.3925699,5.71873112,241,0.851409758
steep-crossover,mixed-phase,48000,2049,257,8192,16,1,0.0124201957,5.2336951,28.8796775,63.0434678,5.19717035,225,0.881858004
steep-crossover,mixed-phase,48000,2049,257,8192,24,2,0.0063150406,2.05717021,19.857489,68.8976235,5.3875301,209,0.884896283
steep-crossover,mixed-phase,48000,2049,257,8192,32,1,0.00697258984,7.60856164,23.7637356,74.6383843,6.77424988,193,0.905436089
steep-crossover,mixed-phase,48000,2049,257,8192,40,1,0.00826612833,5.8374181,35.1564033,82.3952969,6.37211238,177,0.901780985
steep-crossover,mixed-phase,48000,2049,257,8192,48,1,0.00886940082,7.58036542,38.9101562,88.8335348,6.9281686,161,0.920481291
steep-crossover,mixed-phase,48000,2049,257,8192,56,3,0.0406079362,11.8410979,34.8138996,96.0705107,5.66416597,145,0.929406712
steep-crossover,mixed-phase,48000,2049,257,8192,64,4,0.0245228403,7.90318385,45.2177805,100.619303,7.01585865,129,0.933618608
steep-crossover,mixed-phase,48000,2049,257,8192,72,2,0.0329575894,6.13752109,40.1344097,103.95103,5.61078094,113,0.93754546
steep-crossover,mixed-phase,48000,2049,257,8192,80,1,0.0212302109,12.4041056,45.4050564,113.164444,2.17216956,97,0.944297642
steep-crossover,mixed-phase,48000,2049,257,8192,88,1,0.0169920638,9.19471733,53.4492778,120.686639,0.468706714,81,0.945938067
steep-crossover,mixed-phase,48000,2049,257,8192,96,1,0.0125134459,7.92823016,49.8082802,121.322827,0.887192842,65,0.954636151
steep-crossover,mixed-phase,48000,2049,257,8192,104,1,0.0080738501,7.79251038,29.586299,125.260082,0.756455916,49,0.958215364
steep-crossover,mixed-phase,48000,2049,257,8192,112,2,0.00439387076,16.1273293,43.3646529,129.498169,0.159947661,33,0.960051318
steep-crossover,mixed-phase,48000,2049,257,8192,120,1,0.00307444247,19.5141023,53.226905,132.595704,0.0252325733,17,0.960453414
steep-crossover,mixed-phase,48000,2049,257,8192,128,0,0.00301900442,28.0447882,53.6173208,128,6.77774384e-14,1,0.960882249
steep-crossover,mixed-phase,48000,2049,513,8192,0,0,2.25934578e-08,0.00122120128,0.0147203882,52.3895092,5.70492842,513,0
steep-crossover,mixed-phase,48000,2049,513,8192,16,1,0.0213747164,0.0891146384,0.400330303,66.7275196,5.78113124,481,0.531059134
steep-crossover,mixed-phase,48000,2049,513,8192,32,3,0.00688314029,0.0394251388,0.370729702,81.8396734,5.05007677,449,0.667033534
steep-crossover,mixed-phase,48000,2049,513,8192,48,1,0.00811937726,0.0952601822,1.05982933,97.6899152,5.9778152,417,0.668676766
steep-crossover,mixed-phase,48000,2049,513,8192,64,2,0.000423585242,0.294915038,3.16083265,110.688981,5.63906357,385,0.780988826
steep-crossover,mixed-phase,48000,2049,513,8192,80,1,0.00980551426,0.872612419,7.48383326,127.612602,5.49125828,353,0.769356362
steep-crossover,mixed-phase,48000,2049,513,8192,96,1,0.00812985464,1.00957211,11.2616454,142.433948,5.36413791,321,0.81770903
steep-crossover,mixed-phase,48000,2049,513,8192,112,1,0.00321711774,1.89748198,17.140877,157.803726,5.73751872,289,0.838722811
steep-crossover,mixed-phase,48000,2049,513,8192,128,1,0.0091166165,1.58356205,18.1051024,172.337077,5.36941582,257,0.885308896
steep-crossover,mixed-phase,48000,2049,513,8192,144,2,0.0386884701,2.60568919,22.9360263,188.120975,9.44922044,225,0.912873227
steep-crossover,mixed-phase,48000,2049,513,8192,160,3,0.0728756078,15.089703,36.6421822,197.703405,7.90668011,193,0.939017832
steep-crossover,mixed-phase,48000,2049,513,8192,176,1,0.0344733902,7.43116019,34.9930164,216.024914,5.65413164,161,0.929592201
steep-crossover,mixed-phase,48000,2049,513,8192,192,1,0.0475931084,7.72467499,50.1555092,229.027294,4.98565383,129,0.941197249
steep-crossover,mixed-phase,48000,2049,513,8192,208,1,0.000539558419,2.27246737,27.3545493,236.321304,1.92787866,97,0.943822839
steep-crossover,mixed-phase,48000,2049,513,8192,224,1,6.55476746e-05,0.31141931,3.0368349,242.183214,0.628662429,65,0.954245024
steep-crossover,mixed-phase,48000,2049,513,8192,240,1,2.527002e-05,1.1647687,9.64824106,248.885348,0.0932869534,33,0.959865634
steep-crossover,mixed-phase,48000,2049,513,8192,256,0,1.46276121e-05,0.343060347,3.53843511,256,1.71550473e-13,1,0.960882608
steep-crossover,mixed-phase,48000,2049,1025,8192,0,0,2.84856285e-15,3.81291465e-11,8.89003848e-10,52.3895089,5.70492769,1025,0
steep-crossover,mixed-phase,48000,2049,1025,8192,32,6,2.4661172e-07,1.90144036e-06,9.3192304e-06,84.3502496,5.69684344,961,0.0260529354
steep-crossover,mixed-phase,48000,2049,1025,8192,64,8,4.1647678e-08,3.90324409e-07,2.07414613e-06,116.33744,5.70322503,897,0.0317040652
steep-crossover,mixed-phase,48000,2049,1025,8192,96,8,1.98690014e-08,1.84043839e-07,9.92255874e-07,148.339337,5.70645731,833,0.0317037368
steep-crossover,mixed-phase,48000,2049,1025,8192,128,8,3.82430573e-09,9.05852061e-08,6.3505328e-07,180.338596,5.70415517,769,0.0317036128
steep-crossover,mixed-phase,48000,2049,1025,8192,160,7,1.410711e-08,2.8355647e-07,3.26084976e-06,212.342684,5.70502158,705,0.0289513378
steep-crossover,mixed-phase,48000,2049,1025,8192,192,8,4.40769543e-07,5.69983245e-06,6.98293227e-05,244.354667,5.70528098,641,0.0228517734
steep-crossover,mixed-phase,48000,2049,1025,8192,224,1,6.84657521e-05,0.000317014714,0.00279080455,276.148362,5.70692016,577,0.254968442
steep-crossover,mixed-phase,48000,2049,1025,8192,256,1,1.11970627e-05,0.00137054565,0.0163400184,307.422885,5.70429451,513,0.421976998
steep-crossover,mixed-phase,48000,2049,1025,8192,288,1,0.000702577046,0.988947917,13.8386322,338.153766,5.68151732,449,0.825010386
steep-crossover,mixed-phase,48000,2049,1025,8192,320,3,0.0063899203,2.42813265,30.8921813,359.54989,6.78473398,385,0.918637467
steep-crossover,mixed-phase,48000,2049,1025,8192,352,2,0.0104805383,0.570946331,10.8334969,398.897656,5.67672105,321,0.832104003
steep-crossover,mixed-phase,48000,2049,1025,8192,384,1,0.0100811736,1.2758546,25.605698,428.7798,5.6437905,257,0.882862468
steep-crossover,mixed-phase,48000,2049,1025,8192,416,1,0.023075555,2.49789898,29.9518763,457.135652,5.66677765,193,0.917886
steep-crossover,mixed-phase,48000,2049,1025,8192,448,1,0.00937143348,3.09622187,33.8182725,483.291602,5.01729302,129,0.939971922
steep-crossover,mixed-phase,48000,2049,1025,8192,480,2,1.31596734e-09,3.27929735e-06,3.5591445e-05,495.156163,0.635453383,65,0.954227469
steep-crossover,mixed-phase,48000,2049,1025,8192,512,0,2.50317293e-10,1.21946463e-05,0.000146322084,512,4.61999027e-13,1,0.960882608
steep-crossover,linear-phase,48000,2049,65,8192,32,0,0.147854141,60.4763954,78.2428716,32,1.03013861e-14,1,0.959995552
steep-crossover,linear-phase,48000,2049,129,8192,64,0,0.0412757286,50.7739322,67.8874499,64,2.22326126e-14,1,0.960815481
steep-crossover,linear-phase,48000,2049,193,8192,96,0,0.0112943069,39.6492387,56.1991988,96,5.43862241e-14,1,0.960877584
steep-crossover,linear-phase,48000,2049,257,8192,128,0,0.00301900442,28.0447882,53.6173208,128,6.77774384e-14,1,0.960882249
steep-crossover,linear-phase,48000,2049,321,8192,160,0,0.000804014274,16.7001359,35.6082348,160,1.17880973e-13,1,0.960882582
steep-crossover,linear-phase,48000,2049,385,8192,192,0,0.000212814902,6.44832283,23.8374341,192,1.52381465e-13,1,0.960882606
steep-crossover,linear-phase,48000,2049,449,8192,224,0,5.59691659e-05,1.32173053,10.6222553,224,1.5000274e-13,1,0.960882608
steep-crossover,linear-phase,48000,2049,513,8192,256,0,1.46276121e-05,0.343060347,3.53843511,256,1.71550473e-13,1,0.960882608
steep-crossover,linear-phase,48000,2049,577,8192,288,0,3.79890907e-06,0.0828178811,0.874551467,288,2.40590838e-13,1,0.960882608
steep-crossover,linear-phase,48000,2049,641,8192,320,0,9.80314864e-07,0.0227627676,0.256261884,320,2.86744594e-13,1,0.960882608
steep-crossover,linear-phase,48000,2049,705,8192,352,0,2.51325101e-07,0.00612291269,0.070970504,352,3.25117885e-13,1,0.960882608
steep-crossover,linear-phase,48000,2049,769,8192,384,0,6.40019634e-08,0.00174866629,0.0201084022,384,3.87181382e-13,1,0.960882608
steep-crossover,linear-phase,48000,2049,833,8192,416,0,1.61859382e-08,0.00050975903,0.00598432046,416,3.69844784e-13,1,0.960882608
steep-crossover,linear-phase,48000,2049,897,8192,448,0,4.06389924e-09,0.000148702621,0.00176260152,448,3.95096941e-13,1,0.960882608
steep-crossover,linear-phase,48000,2049,961,8192,480,0,1.01263509e-09,4.29271273e-05,0.000512155369,480,4.51640827e-13,1,0.960882608
steep-crossover,linear-phase,48000,2049,1025,8192,512,0,2.50317293e-10,1.21946463e-05,0.000146322084,512,4.61999027e-13,1,0.960882608
