target,regime,sample_rate_hz,taps,fft_size,requested_delay,minimum_phase_delay,phase_mix,predicted_delay,iterations,relative_magnitude_error,rms_magnitude_error_db,max_magnitude_error_db,mean_group_delay,group_delay_ripple
low-pass,sub-minimum,48000,129,1024,1.46475908,5.85903631,,,249,0.160432483,0.579887867,8.12176663,1.46476108,27.1860535
low-pass,sub-minimum,48000,129,1024,2.92951816,5.85903631,,,305,0.120560118,0.459043533,4.16804174,2.9295215,14.4422027
low-pass,sub-minimum,48000,129,1024,4.39427723,5.85903631,,,262,0.0622433662,0.274388839,1.43047269,4.3942796,5.94945092
low-pass,window,48000,129,1024,5.85903631,5.85903631,0,5.85903631,0,4.61216147e-09,1.9482881e-07,1.42675754e-06,5.85903631,1.11685089
low-pass,window,48000,129,1024,13.1266568,5.85903631,0.125,13.1266568,0,0.00456221938,0.057366709,0.119813545,13.1715411,1.0297311
low-pass,window,48000,129,1024,20.3942772,5.85903631,0.25,20.3942772,0,0.00222624864,0.026242953,0.0585156854,20.4015698,0.888589951
low-pass,window,48000,129,1024,27.6618977,5.85903631,0.375,27.6618977,0,0.000960368401,0.0111260908,0.0281110315,27.658884,0.724192059
low-pass,window,48000,129,1024,34.9295182,5.85903631,0.5,34.9295182,0,0.000396520101,0.00464018657,0.0143685484,34.9279469,0.566177365
low-pass,window,48000,129,1024,42.1971386,5.85903631,0.625,42.1971386,0,0.000159957806,0.00196508642,0.00814390219,42.1972812,0.419441664
low-pass,window,48000,129,1024,49.4647591,5.85903631,0.75,49.4647591,0,6.38417616e-05,0.000896045395,0.0052696173,49.4651898,0.278628568
low-pass,window,48000,129,1024,56.7323795,5.85903631,0.875,56.7323795,0,2.65585291e-05,0.000516422286,0.00399078954,56.7325912,0.13931327
low-pass,window,48000,129,1024,64,5.85903631,1,64,0,2.0972519e-05,0.000510954671,0.00362365892,64,2.52382747e-14
low-pass,window,48000,129,1024,71.2676205,5.85903631,1.125,71.2676205,0,2.65585291e-05,0.000516422286,0.00399078954,71.2674088,0.13931327
low-pass,window,48000,129,1024,78.5352409,5.85903631,1.25,78.5352409,0,6.38417616e-05,0.000896045395,0.0052696173,78.5348102,0.278628568
low-pass,window,48000,129,1024,85.8028614,5.85903631,1.375,85.8028614,0,0.000159957806,0.00196508642,0.00814390219,85.8027188,0.419441664
low-pass,window,48000,129,1024,93.0704818,5.85903631,1.5,93.0704818,0,0.000396520101,0.00464018657,0.0143685484,93.0720531,0.566177365
low-pass,window,48000,129,1024,100.338102,5.85903631,1.625,100.338102,0,0.000960368401,0.0111260908,0.0281110315,100.341116,0.724192059
low-pass,window,48000,129,1024,107.605723,5.85903631,1.75,107.605723,0,0.00222624864,0.026242953,0.0585156854,107.59843,0.888589951
low-pass,window,48000,129,1024,114.873343,5.85903631,1.875,114.873343,0,0.00456221938,0.057366709,0.119813545,114.828459,1.0297311
low-pass,window,48000,129,1024,122.140964,5.85903631,2,122.140964,0,4.61216163e-09,1.9482882e-07,1.42675896e-06,122.140964,1.11685089
low-pass,super-maximum,48000,129,1024,123.605723,5.85903631,,,251,0.0622433647,0.274388898,1.43047227,123.60572,5.94945054
low-pass,super-maximum,48000,129,1024,125.070482,5.85903631,,,320,0.12056013,0.459043515,4.16804532,125.070478,14.4422091
low-pass,super-maximum,48000,129,1024,126.535241,5.85903631,,,320,0.160432483,0.579887907,8.12176638,126.535239,27.1860526
parametric-eq,sub-minimum,48000,129,1024,1.55262697,6.2105079,,,320,0.0655173888,1.23672443,24.1376653,1.55264133,69.2714354
parametric-eq,sub-minimum,48000,129,1024,3.10525395,6.2105079,,,240,0.0898523102,0.560542483,3.73699393,3.10525631,7.92049638
parametric-eq,sub-minimum,48000,129,1024,4.65788092,6.2105079,,,234,0.0466597439,0.289382048,1.44011226,4.65788229,6.02323527
parametric-eq,window,48000,129,1024,6.2105079,6.2105079,0,6.2105079,0,4.28138408e-05,0.000324363004,0.00108332071,6.2105079,6.99604684
parametric-eq,window,48000,129,1024,13.4341944,6.2105079,0.125,13.4341944,0,0.0105817862,0.0767847515,0.248938757,13.7135677,6.53269578
parametric-eq,window,48000,129,1024,20.6578809,6.2105079,0.25,20.6578809,0,0.0135975118,0.0995490636,0.357100818,20.9372228,5.83523271
parametric-eq,window,48000,129,1024,27.8815674,6.2105079,0.375,27.8815674,0,0.011828473,0.0872693985,0.320964313,28.0978315,4.86834289
parametric-eq,window,48000,129,1024,35.1052539,6.2105079,0.5,35.1052539,0,0.00870242176,0.0651482715,0.218927193,35.2128282,3.85075887
parametric-eq,window,48000,129,1024,42.3289405,6.2105079,0.625,42.3289405,0,0.00586440068,0.0443047832,0.162676071,42.3901465,2.82049271
parametric-eq,window,48000,129,1024,49.552627,6.2105079,0.75,49.552627,0,0.00380642478,0.0283689384,0.0969261112,49.5931463,1.84203488
parametric-eq,window,48000,129,1024,56.7763135,6.2105079,0.875,56.7763135,0,0.0026593816,0.0185051111,0.0676373305,56.783,0.933067063
parametric-eq,window,48000,129,1024,64,6.2105079,1,64,0,0.00286022787,0.0217812832,0.0747727516,64,3.51141327e-14
parametric-eq,window,48000,129,1024,71.2236865,6.2105079,1.125,71.2236865,0,0.0026593816,0.0185051111,0.0676373305,71.217,0.933067063
parametric-eq,window,48000,129,1024,78.447373,6.2105079,1.25,78.447373,0,0.00380642478,0.0283689384,0.0969261112,78.4068537,1.84203488
parametric-eq,window,48000,129,1024,85.6710595,6.2105079,1.375,85.6710595,0,0.00586440068,0.0443047832,0.162676071,85.6098535,2.82049271
parametric-eq,window,48000,129,1024,92.8947461,6.2105079,1.5,92.8947461,0,0.00870242176,0.0651482715,0.218927193,92.7871718,3.85075887
parametric-eq,window,48000,129,1024,100.118433,6.2105079,1.625,100.118433,0,0.011828473,0.0872693985,0.320964313,99.9021685,4.86834289
parametric-eq,window,48000,129,1024,107.342119,6.2105079,1.75,107.342119,0,0.0135975118,0.0995490636,0.357100818,107.062777,5.83523271
parametric-eq,window,48000,129,1024,114.565806,6.2105079,1.875,114.565806,0,0.0105817862,0.0767847515,0.248938757,114.286432,6.53269578
parametric-eq,window,48000,129,1024,121.789492,6.2105079,2,121.789492,0,4.28138408e-05,0.000324363004,0.00108332071,121.789492,6.99604684
parametric-eq,super-maximum,48000,129,1024,123.342119,6.2105079,,,236,0.0466597439,0.28938203,1.44011218,123.342118,6.02323525
parametric-eq,super-maximum,48000,129,1024,124.894746,6.2105079,,,238,0.0898523102,0.560542019,3.73697303,124.894744,7.92047675
parametric-eq,super-maximum,48000,129,1024,126.447373,6.2105079,,,320,0.0605494112,1.26096074,24.8338687,126.447362,76.3203362
crossover,sub-minimum,48000,129,1024,2.60287657,10.4115063,,,320,0.196337409,21.6973576,41.8113826,2.60288122,55.9952839
crossover,sub-minimum,48000,129,1024,5.20575313,10.4115063,,,260,0.174782118,27.3096589,46.7747261,5.20575546,26.6297891
crossover,sub-minimum,48000,129,1024,7.8086297,10.4115063,,,251,0.0456593803,25.9894971,43.9626142,7.80863136,1.41401673
crossover,window,48000,129,1024,10.4115063,10.4115063,0,10.4115063,0,1.64045365e-10,2.5508805e-06,2.02265453e-05,10.4115063,0.765876194
crossover,window,48000,129,1024,17.110068,10.4115063,0.125,17.110068,0,0.00255936455,6.38208703,13.9133202,17.1174457,0.709233076
crossover,window,48000,129,1024,23.8086297,10.4115063,0.25,23.8086297,0,0.000724842021,3.61627779,13.2564924,23.8113279,0.581780416
crossover,window,48000,129,1024,30.5071914,10.4115063,0.375,30.5071914,0,0.000266618716,0.654354357,2.56501611,30.5079587,0.479088001
crossover,window,48000,129,1024,37.2057531,10.4115063,0.5,37.2057531,0,0.000131858174,0.790373774,3.41570798,37.2063194,0.383713096
crossover,window,48000,129,1024,43.9043148,10.4115063,0.625,43.9043148,0,1.70893983e-05,0.0988742031,0.404677433,43.9043588,0.287281629
crossover,window,48000,129,1024,50.6028766,10.4115063,0.75,50.6028766,0,1.44081815e-05,0.0643726735,0.247774152,50.6029183,0.191548502
crossover,window,48000,129,1024,57.3014383,10.4115063,0.875,57.3014383,0,3.59345333e-06,0.0243980307,0.0929034485,57.3014452,0.095750446
crossover,window,48000,129,1024,64,10.4115063,1,64,0,1.94466965e-06,0.00405419339,0.0252609468,64,2.18851309e-14
crossover,window,48000,129,1024,70.6985617,10.4115063,1.125,70.6985617,0,3.59345333e-06,0.0243980307,0.0929034485,70.6985548,0.095750446
crossover,window,48000,129,1024,77.3971234,10.4115063,1.25,77.3971234,0,1.44081815e-05,0.0643726735,0.247774152,77.3970817,0.191548502
crossover,window,48000,129,1024,84.0956852,10.4115063,1.375,84.0956852,0,1.70893983e-05,0.0988742031,0.404677433,84.0956412,0.287281629
crossover,window,48000,129,1024,90.7942469,10.4115063,1.5,90.7942469,0,0.000131858174,0.790373774,3.41570798,90.7936806,0.383713096
crossover,window,48000,129,1024,97.4928086,10.4115063,1.625,97.4928086,0,0.000266618716,0.654354357,2.56501611,97.4920413,0.479088001
crossover,window,48000,129,1024,104.19137,10.4115063,1.75,104.19137,0,0.000724842021,3.61627779,13.2564924,104.188672,0.581780416
crossover,window,48000,129,1024,110.889932,10.4115063,1.875,110.889932,0,0.00255936455,6.38208703,13.9133202,110.882554,0.709233076
crossover,window,48000,129,1024,117.588494,10.4115063,2,117.588494,0,1.64045375e-10,2.55087931e-06,2.02265355e-05,117.588494,0.765876194
crossover,super-maximum,48000,129,1024,120.19137,10.4115063,,,241,0.0456593806,25.989496,43.9626135,120.191369,1.41401885
crossover,super-maximum,48000,129,1024,122.794247,10.4115063,,,257,0.17478215,27.3096325,46.7746542,122.794245,26.629829
crossover,super-maximum,48000,129,1024,125.397123,10.4115063,,,320,0.196231724,22.1175079,42.087235,125.397123,55.6445622
deep-notch,sub-minimum,48000,129,1024,2.15854164,8.63416656,,,320,0.0574882501,5.83186777,39.1132816,2.15854248,7.15065172
deep-notch,sub-minimum,48000,129,1024,4.31708328,8.63416656,,,257,0.0278885753,5.05992526,35.3802276,4.31708363,4.0328164
deep-notch,sub-minimum,48000,129,1024,6.47562492,8.63416656,,,320,0.00702731978,3.51177981,26.8346104,6.47562497,4.54817833
deep-notch,window,48000,129,1024,8.63416656,8.63416656,0,8.63416656,0,7.19105202e-05,0.0837766963,1.19091633,8.63416656,5.96875162
deep-notch,window,48000,129,1024,15.5548957,8.63416656,0.125,15.5548957,0,0.00232874631,2.21499951,19.6159971,15.5722397,5.24241798
deep-notch,window,48000,129,1024,22.4756249,8.63416656,0.25,22.4756249,0,0.0062082901,3.08331827,24.9408114,22.5499364,4.67266418
deep-notch,window,48000,129,1024,29.3963541,8.63416656,0.375,29.3963541,0,0.00558075025,2.58693335,21.3422664,29.4646177,3.99768235
deep-notch,window,48000,129,1024,36.3170833,8.63416656,0.5,36.3170833,0,0.00192329971,0.839866142,9.94209751,36.3197658,3.07709179
deep-notch,window,48000,129,1024,43.2378125,8.63416656,0.625,43.2378125,0,0.00229706266,1.47668144,15.3191071,43.2582116,2.36356229
deep-notch,window,48000,129,1024,50.1585416,8.63416656,0.75,50.1585416,0,0.00177365851,1.18882876,20.3382694,50.1852685,1.54714321
deep-notch,window,48000,129,1024,57.0792708,8.63416656,0.875,57.0792708,0,0.00123924289,1.15602124,11.9068869,57.0883231,0.771380021
deep-notch,window,48000,129,1024,64,8.63416656,1,64,0,0.00203790368,1.55642082,14.2648269,64,8.64800027e-14
deep-notch,window,48000,129,1024,70.9207292,8.63416656,1.125,70.9207292,0,0.00123924289,1.15602124,11.9068869,70.9116769,0.771380021
deep-notch,window,48000,129,1024,77.8414584,8.63416656,1.25,77.8414584,0,0.00177365851,1.18882876,20.3382694,77.8147315,1.54714321
deep-notch,window,48000,129,1024,84.7621875,8.63416656,1.375,84.7621875,0,0.00229706266,1.47668144,15.3191071,84.7417884,2.36356229
deep-notch,window,48000,129,1024,91.6829167,8.63416656,1.5,91.6829167,0,0.00192329971,0.839866142,9.94209751,91.6802342,3.07709179
deep-notch,window,48000,129,1024,98.6036459,8.63416656,1.625,98.6036459,0,0.00558075025,2.58693335,21.3422664,98.5353823,3.99768235
deep-notch,window,48000,129,1024,105.524375,8.63416656,1.75,105.524375,0,0.0062082901,3.08331827,24.9408114,105.450064,4.67266418
deep-notch,window,48000,129,1024,112.445104,8.63416656,1.875,112.445104,0,0.00232874631,2.21499951,19.6159971,112.42776,5.24241798
deep-notch,window,48000,129,1024,119.365833,8.63416656,2,119.365833,0,7.19105202e-05,0.0837766963,1.19091633,119.365833,5.96875162
deep-notch,super-maximum,48000,129,1024,121.524375,8.63416656,,,320,0.00702731985,3.51172073,26.8340521,121.524375,4.54819568
deep-notch,super-maximum,48000,129,1024,123.682917,8.63416656,,,292,0.0278885753,5.05993032,35.3802578,123.682916,4.03281016
deep-notch,super-maximum,48000,129,1024,125.841458,8.63416656,,,317,0.05748825,5.83189021,39.1134292,125.841458,7.15060435
room-correction,sub-minimum,48000,129,1024,0.125480199,0.501920795,,,257,0.0526057807,1.25200007,8.95918946,0.125487268,4.02235083
room-correction,sub-minimum,48000,129,1024,0.250960397,0.501920795,,,243,0.0346477136,1.03242845,7.90344934,0.25096551,2.06421454
room-correction,sub-minimum,48000,129,1024,0.376440596,0.501920795,,,214,0.0163286335,0.662061469,5.54481216,0.376442902,1.2154254
room-correction,window,48000,129,1024,0.501920795,0.501920795,0,0.501920795,0,0.000362513611,0.0232884322,0.273904236,0.501920795,1.21845563
room-correction,window,48000,129,1024,8.4391807,0.501920795,0.125,8.4391807,0,0.00432788682,0.210781734,1.90179878,8.44719309,1.118647
room-correction,window,48000,129,1024,16.3764406,0.501920795,0.25,16.3764406,0,0.00281397352,0.116768101,1.04570156,16.3812988,0.98431369
room-correction,window,48000,129,1024,24.3137005,0.501920795,0.375,24.3137005,0,0.00402238565,0.190631057,1.56585295,24.3205758,0.860921129
room-correction,window,48000,129,1024,32.2509604,0.501920795,0.5,32.2509604,0,0.00431424889,0.226133186,1.77700118,32.2560256,0.705864163
room-correction,window,48000,129,1024,40.1882203,0.501920795,0.625,40.1882203,0,0.0039921868,0.213869687,1.93441213,40.1920117,0.532850082
room-correction,window,48000,129,1024,48.1254802,0.501920795,0.75,48.1254802,0,0.0029119978,0.180409521,1.94904115,48.127014,0.357915724
room-correction,window,48000,129,1024,56.0627401,0.501920795,0.875,56.0627401,0,0.00370492618,0.219643027,2.38762356,56.0636081,0.229753634
room-correction,window,48000,129,1024,64,0.501920795,1,64,0,0.00331205022,0.19705397,2.01230681,64,7.60839452e-14
room-correction,window,48000,129,1024,71.9372599,0.501920795,1.125,71.9372599,0,0.00370492618,0.219643027,2.38762356,71.9363919,0.229753634
room-correction,window,48000,129,1024,79.8745198,0.501920795,1.25,79.8745198,0,0.0029119978,0.180409521,1.94904115,79.872986,0.357915724
room-correction,window,48000,129,1024,87.8117797,0.501920795,1.375,87.8117797,0,0.0039921868,0.213869687,1.93441213,87.8079883,0.532850082
room-correction,window,48000,129,1024,95.7490396,0.501920795,1.5,95.7490396,0,0.00431424889,0.226133186,1.77700118,95.7439744,0.705864163
room-correction,window,48000,129,1024,103.6863,0.501920795,1.625,103.6863,0,0.00402238565,0.190631057,1.56585295,103.679424,0.860921129
room-correction,window,48000,129,1024,111.623559,0.501920795,1.75,111.623559,0,0.00281397352,0.116768101,1.04570156,111.618701,0.98431369
room-correction,window,48000,129,1024,119.560819,0.501920795,1.875,119.560819,0,0.00432788682,0.210781734,1.90179878,119.552807,1.118647
room-correction,window,48000,129,1024,127.498079,0.501920795,2,127.498079,0,0.000362513611,0.0232884322,0.273904236,127.498079,1.21845563
room-correction,super-maximum,48000,129,1024,127.623559,0.501920795,,,198,0.0163286334,0.662061451,5.54481269,127.623557,1.21542558
room-correction,super-maximum,48000,129,1024,127.74904,0.501920795,,,214,0.0346477137,1.03242852,7.90344978,127.749034,2.06421393
room-correction,super-maximum,48000,129,1024,127.87452,0.501920795,,,273,0.0526057807,1.25199975,8.95918722,127.874513,4.02235034
steep-crossover,sub-minimum,48000,129,1024,12.3424028,49.3696112,,,320,0.574863007,69.1910181,85.489038,12.3424444,222.097974
steep-crossover,sub-minimum,48000,129,1024,24.6848056,49.3696112,,,320,0.405151652,73.6339107,89.2546974,24.6849616,55.6419577
steep-crossover,sub-minimum,48000,129,1024,37.0272084,49.3696112,,,320,0.00482230072,48.1914509,59.3582406,37.0272084,4.97095634
steep-crossover,window,48000,129,1024,49.3696112,49.3696112,0,49.3696112,0,0.0122688845,54.9336354,66.470457,49.3696112,4.26932064
steep-crossover,window,48000,129,1024,51.1984098,49.3696112,0.125,51.1984098,0,0.0129605028,54.8245283,67.5549724,51.2041358,3.75884267
steep-crossover,window,48000,129,1024,53.0272084,49.3696112,0.25,53.0272084,0,0.0135880335,54.4833723,67.7900165,53.0365703,3.23457014
steep-crossover,window,48000,129,1024,54.856007,49.3696112,0.375,54.856007,0,0.0140485857,53.8833254,67.3867097,54.8670117,2.70210051
steep-crossover,window,48000,129,1024,56.6848056,49.3696112,0.5,56.6848056,0,0.0143908484,52.9877815,66.4066848,56.6956988,2.16489372
steep-crossover,window,48000,129,1024,58.5136042,49.3696112,0.625,58.5136042,0,0.0146995348,51.7408038,64.7700747,58.5229707,1.62507843
steep-crossover,window,48000,129,1024,60.3424028,49.3696112,0.75,60.3424028,0,0.0150125359,50.0528631,62.9728376,60.349203,1.08390748
steep-crossover,window,48000,129,1024,62.1712014,49.3696112,0.875,62.1712014,0,0.0152827357,47.7860941,62.1000592,62.1747646,0.542083397
steep-crossover,window,48000,129,1024,64,49.3696112,1,64,0,0.0153970423,45.1015079,61.828118,64,2.27737743e-14
steep-crossover,window,48000,129,1024,65.8287986,49.3696112,1.125,65.8287986,0,0.0152827357,47.7860941,62.1000592,65.8252354,0.542083397
steep-crossover,window,48000,129,1024,67.6575972,49.3696112,1.25,67.6575972,0,0.0150125359,50.0528631,62.9728376,67.650797,1.08390748
steep-crossover,window,48000,129,1024,69.4863958,49.3696112,1.375,69.4863958,0,0.0146995348,51.7408038,64.7700747,69.4770293,1.62507843
steep-crossover,window,48000,129,1024,71.3151944,49.3696112,1.5,71.3151944,0,0.0143908484,52.9877815,66.4066848,71.3043012,2.16489372
steep-crossover,window,48000,129,1024,73.143993,49.3696112,1.625,73.143993,0,0.0140485857,53.8833254,67.3867097,73.1329883,2.70210051
steep-crossover,window,48000,129,1024,74.9727916,49.3696112,1.75,74.9727916,0,0.0135880335,54.4833723,67.7900165,74.9634297,3.23457014
steep-crossover,window,48000,129,1024,76.8015902,49.3696112,1.875,76.8015902,0,0.0129605028,54.8245283,67.5549724,76.7958642,3.75884267
steep-crossover,window,48000,129,1024,78.6303888,49.3696112,2,78.6303888,0,0.0122688845,54.9336354,66.470457,78.6303888,4.26932064
steep-crossover,super-maximum,48000,129,1024,90.9727916,49.3696112,,,320,0.00482230072,48.1914509,59.3582406,90.9727916,4.97095634
steep-crossover,super-maximum,48000,129,1024,103.315194,49.3696112,,,320,0.402057408,72.9461307,87.1367581,103.315209,58.1370539
steep-crossover,super-maximum,48000,129,1024,115.657597,49.3696112,,,320,0.433409061,72.6530881,89.3989798,115.656673,225.048593
