target,regime,sample_rate_hz,taps,fft_size,phase_mix,phase_delay_samples,tolerance_db,relative_magnitude_error,rms_magnitude_error_db,max_magnitude_error_db,mean_group_delay,group_delay_ripple,constraint_violation
low-pass,continuum,48000,129,1024,0,,,4.61216147e-09,1.9482881e-07,1.42675754e-06,5.85903631,1.11685089,
low-pass,continuum,48000,129,1024,0.125,,,0.00456221938,0.057366709,0.119813545,13.1715411,1.0297311,
low-pass,continuum,48000,129,1024,0.25,,,0.00222624864,0.026242953,0.0585156854,20.4015698,0.888589951,
low-pass,continuum,48000,129,1024,0.375,,,0.000960368401,0.0111260908,0.0281110315,27.658884,0.724192059,
low-pass,continuum,48000,129,1024,0.5,,,0.000396520101,0.00464018657,0.0143685484,34.9279469,0.566177365,
low-pass,continuum,48000,129,1024,0.625,,,0.000159957806,0.00196508642,0.00814390219,42.1972812,0.419441664,
low-pass,continuum,48000,129,1024,0.75,,,6.38417616e-05,0.000896045395,0.0052696173,49.4651898,0.278628568,
low-pass,continuum,48000,129,1024,0.875,,,2.65585291e-05,0.000516422286,0.00399078954,56.7325912,0.13931327,
low-pass,continuum,48000,129,1024,1,,,2.0972519e-05,0.000510954671,0.00362365892,64,1.70524153e-14,
low-pass,continuum,48000,129,1024,1.125,,,2.65585291e-05,0.000516422286,0.00399078954,71.2674088,0.13931327,
low-pass,continuum,48000,129,1024,1.25,,,6.38417616e-05,0.000896045395,0.0052696173,78.5348102,0.278628568,
low-pass,continuum,48000,129,1024,1.375,,,0.000159957806,0.00196508642,0.00814390219,85.8027188,0.419441664,
low-pass,continuum,48000,129,1024,1.5,,,0.000396520101,0.00464018657,0.0143685484,93.0720531,0.566177365,
low-pass,continuum,48000,129,1024,1.625,,,0.000960368401,0.0111260908,0.0281110315,100.341116,0.724192059,
low-pass,continuum,48000,129,1024,1.75,,,0.00222624864,0.026242953,0.0585156854,107.59843,0.888589951,
low-pass,continuum,48000,129,1024,1.875,,,0.00456221938,0.057366709,0.119813545,114.828459,1.0297311,
low-pass,continuum,48000,129,1024,2,,,4.61216152e-09,1.94828812e-07,1.42675782e-06,122.140964,1.11685089,
low-pass,factorisation,48000,129,1024,,0,,4.61216149e-09,1.94828811e-07,1.42675756e-06,5.85903631,1.11685089,
low-pass,factorisation,48000,129,1024,,4,,1.56136338e-08,4.39872608e-07,1.32832689e-06,9.85903626,1.11685087,
low-pass,factorisation,48000,129,1024,,8,,1.01320159e-07,4.11218699e-06,1.64608302e-05,13.8590358,1.11685134,
low-pass,factorisation,48000,129,1024,,12,,3.62465922e-07,1.50997634e-05,7.52095748e-05,17.8590346,1.11685258,
low-pass,factorisation,48000,129,1024,,16,,1.01880552e-06,3.85603649e-05,0.000220251963,21.8590341,1.11684925,
low-pass,factorisation,48000,129,1024,,20,,2.82735343e-06,8.43157553e-05,0.000518958153,25.859042,1.11681604,
low-pass,factorisation,48000,129,1024,,24,,8.51757205e-06,0.000178525263,0.00110020888,29.8590577,1.11671812,
low-pass,factorisation,48000,129,1024,,28,,2.72209654e-05,0.000410298107,0.00225060051,33.858966,1.11670462,
low-pass,factorisation,48000,129,1024,,32,,8.81822407e-05,0.00108544365,0.00470284528,37.858333,1.11755517,
low-pass,factorisation,48000,129,1024,,36,,0.000283244694,0.00317221643,0.010496139,41.8568486,1.11976983,
low-pass,factorisation,48000,129,1024,,40,,0.00089601614,0.00962190493,0.0255290632,45.8573921,1.11507809,
low-pass,factorisation,48000,129,1024,,44,,7.08132096e-05,0.00193266693,0.013435795,49.8691543,1.0631506,
low-pass,factorisation,48000,129,1024,,48,,7.27456148e-05,0.00146342338,0.00739089275,53.8808412,0.876410133,
low-pass,factorisation,48000,129,1024,,52,,7.72725234e-05,0.000826685881,0.00373119728,57.7393627,0.515105012,
low-pass,factorisation,48000,129,1024,,56,,5.31707468e-05,0.00136720473,0.00508655252,61.0170826,0.161826618,
low-pass,factorisation,48000,129,1024,,60,,0.000117972276,0.00475850937,0.0170067592,63.2085158,0.014864402,
low-pass,factorisation,48000,129,1024,,64,,2.0972519e-05,0.000510954671,0.00362365892,64,2.29804828e-14,
low-pass,floor-probe,48000,129,1024,,,0.25,0.0252917728,0.232041575,0.257419353,5.40327482,1.48190033,4.98765423e-05
low-pass,floor-probe,48000,129,1024,,,0.5,0.0527688921,0.474844848,0.530599474,4.92680684,1.88567758,9.06970524e-05
low-pass,floor-probe,48000,129,1024,,,1,0.109016737,0.974011269,1.13054094,3.934454,2.97972072,0.000206013451
low-pass,floor-probe,48000,129,1024,,,2,0.227988477,1.89762544,2.60446939,1.76023784,6.67591031,0.00056269324
parametric-eq,continuum,48000,129,1024,0,,,4.28138408e-05,0.000324363004,0.00108332071,6.2105079,6.99604684,
parametric-eq,continuum,48000,129,1024,0.125,,,0.0105817862,0.0767847515,0.248938757,13.7135677,6.53269578,
parametric-eq,continuum,48000,129,1024,0.25,,,0.0135975118,0.0995490636,0.357100818,20.9372228,5.83523271,
parametric-eq,continuum,48000,129,1024,0.375,,,0.011828473,0.0872693985,0.320964313,28.0978315,4.86834289,
parametric-eq,continuum,48000,129,1024,0.5,,,0.00870242176,0.0651482715,0.218927193,35.2128282,3.85075887,
parametric-eq,continuum,48000,129,1024,0.625,,,0.00586440068,0.0443047832,0.162676071,42.3901465,2.82049271,
parametric-eq,continuum,48000,129,1024,0.75,,,0.00380642478,0.0283689384,0.0969261112,49.5931463,1.84203488,
parametric-eq,continuum,48000,129,1024,0.875,,,0.0026593816,0.0185051111,0.0676373305,56.783,0.933067063,
parametric-eq,continuum,48000,129,1024,1,,,0.00286022787,0.0217812832,0.0747727516,64,3.51141327e-14,
parametric-eq,continuum,48000,129,1024,1.125,,,0.0026593816,0.0185051111,0.0676373305,71.217,0.933067063,
parametric-eq,continuum,48000,129,1024,1.25,,,0.00380642478,0.0283689384,0.0969261112,78.4068537,1.84203488,
parametric-eq,continuum,48000,129,1024,1.375,,,0.00586440068,0.0443047832,0.162676071,85.6098535,2.82049271,
parametric-eq,continuum,48000,129,1024,1.5,,,0.00870242176,0.0651482715,0.218927193,92.7871718,3.85075887,
parametric-eq,continuum,48000,129,1024,1.625,,,0.011828473,0.0872693985,0.320964313,99.9021685,4.86834289,
parametric-eq,continuum,48000,129,1024,1.75,,,0.0135975118,0.0995490636,0.357100818,107.062777,5.83523271,
parametric-eq,continuum,48000,129,1024,1.875,,,0.0105817862,0.0767847515,0.248938757,114.286432,6.53269578,
parametric-eq,continuum,48000,129,1024,2,,,4.28138408e-05,0.000324363004,0.00108332071,121.789492,6.99604684,
parametric-eq,factorisation,48000,129,1024,,0,,4.28138408e-05,0.000324363004,0.00108332071,6.2105079,6.99604684,
parametric-eq,factorisation,48000,129,1024,,4,,9.27023763e-05,0.000696530574,0.00237176505,10.2103418,6.99603897,
parametric-eq,factorisation,48000,129,1024,,8,,0.000195037108,0.00145448482,0.0049828674,14.2110746,6.99475612,
parametric-eq,factorisation,48000,129,1024,,12,,0.000398631033,0.002949942,0.0102156724,18.2110437,6.99345948,
parametric-eq,factorisation,48000,129,1024,,16,,0.000790379835,0.00579974515,0.0204650276,22.2072659,6.99391715,
parametric-eq,factorisation,48000,129,1024,,20,,0.00151893923,0.0110423408,0.0387017333,26.205549,6.98665483,
parametric-eq,factorisation,48000,129,1024,,24,,0.00283052116,0.0203708204,0.07288805,30.1978909,6.97112252,
parametric-eq,factorisation,48000,129,1024,,28,,0.00512302425,0.0364838554,0.128416631,34.1774448,6.93580556,
parametric-eq,factorisation,48000,129,1024,,32,,0.00902414443,0.0635796702,0.229800023,38.1679838,6.82537857,
parametric-eq,factorisation,48000,129,1024,,36,,0.0154838167,0.10788274,0.394384564,42.0608609,6.6951037,
parametric-eq,factorisation,48000,129,1024,,40,,0.0258513462,0.177853571,0.661892105,45.7688384,6.51949988,
parametric-eq,factorisation,48000,129,1024,,44,,0.0281125906,0.19987672,0.825090824,49.4460095,5.96663704,
parametric-eq,factorisation,48000,129,1024,,48,,0.00753486015,0.0583153117,0.233186153,52.8372169,5.0894886,
parametric-eq,factorisation,48000,129,1024,,52,,0.0061029717,0.0424022614,0.191770558,55.7954561,3.7806043,
parametric-eq,factorisation,48000,129,1024,,56,,0.00469449265,0.0312794875,0.138971674,58.7576885,1.60641475,
parametric-eq,factorisation,48000,129,1024,,60,,0.00351376702,0.0253181692,0.117542773,61.1952194,0.174602866,
parametric-eq,factorisation,48000,129,1024,,64,,0.00286022787,0.0217812832,0.0747727516,64,3.25172563e-14,
parametric-eq,floor-probe,48000,129,1024,,,0.25,0.0191785042,0.153664322,0.257429557,5.74999239,6.52813971,7.7292843e-05
parametric-eq,floor-probe,48000,129,1024,,,0.5,0.0420664149,0.342625695,0.53061644,5.2669202,6.14985731,0.000121707471
parametric-eq,floor-probe,48000,129,1024,,,1,0.0932489383,0.758635902,1.13062964,4.24571005,5.84005592,0.000279491487
parametric-eq,floor-probe,48000,129,1024,,,2,0.21599078,1.70809922,2.60473469,1.93210271,7.59549706,0.000650094011
crossover,continuum,48000,129,1024,0,,,1.64045365e-10,2.5508805e-06,2.02265453e-05,10.4115063,0.765876194,
crossover,continuum,48000,129,1024,0.125,,,0.00255936455,6.38208703,13.9133202,17.1174457,0.709233076,
crossover,continuum,48000,129,1024,0.25,,,0.000724842021,3.61627779,13.2564924,23.8113279,0.581780416,
crossover,continuum,48000,129,1024,0.375,,,0.000266618716,0.654354357,2.56501611,30.5079587,0.479088001,
crossover,continuum,48000,129,1024,0.5,,,0.000131858174,0.790373774,3.41570798,37.2063194,0.383713096,
crossover,continuum,48000,129,1024,0.625,,,1.70893983e-05,0.0988742031,0.404677433,43.9043588,0.287281629,
crossover,continuum,48000,129,1024,0.75,,,1.44081815e-05,0.0643726735,0.247774152,50.6029183,0.191548502,
crossover,continuum,48000,129,1024,0.875,,,3.59345333e-06,0.0243980307,0.0929034485,57.3014452,0.095750446,
crossover,continuum,48000,129,1024,1,,,1.94466965e-06,0.00405419339,0.0252609468,64,2.18851309e-14,
crossover,continuum,48000,129,1024,1.125,,,3.59345333e-06,0.0243980307,0.0929034485,70.6985548,0.095750446,
crossover,continuum,48000,129,1024,1.25,,,1.44081815e-05,0.0643726735,0.247774152,77.3970817,0.191548502,
crossover,continuum,48000,129,1024,1.375,,,1.70893983e-05,0.0988742031,0.404677433,84.0956412,0.287281629,
crossover,continuum,48000,129,1024,1.5,,,0.000131858174,0.790373774,3.41570798,90.7936806,0.383713096,
crossover,continuum,48000,129,1024,1.625,,,0.000266618716,0.654354357,2.56501611,97.4920413,0.479088001,
crossover,continuum,48000,129,1024,1.75,,,0.000724842021,3.61627779,13.2564924,104.188672,0.581780416,
crossover,continuum,48000,129,1024,1.875,,,0.00255936455,6.38208703,13.9133202,110.882554,0.709233076,
crossover,continuum,48000,129,1024,2,,,1.64045375e-10,2.55087931e-06,2.02265355e-05,117.588494,0.765876194,
crossover,factorisation,48000,129,1024,,0,,1.64045412e-10,2.55088008e-06,2.02265453e-05,10.4115063,0.765876194,
crossover,factorisation,48000,129,1024,,4,,5.93175381e-10,4.35621393e-06,1.55351695e-05,14.4115063,0.765876194,
crossover,factorisation,48000,129,1024,,8,,4.85669488e-09,2.26272588e-05,8.65598942e-05,18.4115062,0.765876186,
crossover,factorisation,48000,129,1024,,12,,1.34428032e-08,8.66230453e-05,0.000317089951,22.4115062,0.76587616,
crossover,factorisation,48000,129,1024,,16,,1.32457946e-07,0.000567857382,0.00202381634,26.411506,0.765875338,
crossover,factorisation,48000,129,1024,,20,,2.78603201e-07,0.00198681993,0.00876906564,30.4115056,0.765874828,
crossover,factorisation,48000,129,1024,,24,,3.11403528e-06,0.0155315835,0.0643396797,34.4114918,0.765866361,
crossover,factorisation,48000,129,1024,,28,,5.75716415e-06,0.0264273146,0.103201125,38.4114792,0.765859659,
crossover,factorisation,48000,129,1024,,32,,6.27440529e-05,0.329922178,1.38561355,42.4116853,0.765495219,
crossover,factorisation,48000,129,1024,,36,,0.000127231464,0.229622201,0.909472491,46.4113601,0.765265455,
crossover,factorisation,48000,129,1024,,40,,0.00306449398,0.793112814,5.64798211,50.0203854,0.754301205,
crossover,factorisation,48000,129,1024,,44,,0.0240256799,0.728457098,4.13236452,54.4023813,0.763630029,
crossover,factorisation,48000,129,1024,,48,,0.0648497414,3.89636327,25.2101856,57.383436,0.559090428,
crossover,factorisation,48000,129,1024,,52,,0.0740710478,2.4779314,22.7125778,61.2498295,0.0848722981,
crossover,factorisation,48000,129,1024,,56,,0.00830584357,2.18108541,8.55557979,62.5173446,0.0484185093,
crossover,factorisation,48000,129,1024,,60,,2.05970035e-06,0.00209760215,0.00852490088,62.2206196,0.0262121299,
crossover,factorisation,48000,129,1024,,64,,1.94466965e-06,0.00405419339,0.0252609468,64,2.10565662e-14,
crossover,floor-probe,48000,129,1024,,,0.25,0.00462453182,0.986332796,4.05105614,10.3680884,0.753218405,1.06929665e-05
crossover,floor-probe,48000,129,1024,,,0.5,0.0142747378,1.92516222,6.87248084,10.2807831,0.876486857,5.49583589e-05
crossover,floor-probe,48000,129,1024,,,1,0.032937809,3.38381298,10.8266105,10.0911295,1.43933085,4.19048251e-05
crossover,floor-probe,48000,129,1024,,,2,0.0711710333,6.11456008,15.8092867,9.72851456,2.90588189,0.00049115401
deep-notch,continuum,48000,129,1024,0,,,7.19105202e-05,0.0837766963,1.19091633,8.63416656,5.96875162,
deep-notch,continuum,48000,129,1024,0.125,,,0.00232874631,2.21499951,19.6159971,15.5722397,5.24241798,
deep-notch,continuum,48000,129,1024,0.25,,,0.0062082901,3.08331827,24.9408114,22.5499364,4.67266418,
deep-notch,continuum,48000,129,1024,0.375,,,0.00558075025,2.58693335,21.3422664,29.4646177,3.99768235,
deep-notch,continuum,48000,129,1024,0.5,,,0.00192329971,0.839866142,9.94209751,36.3197658,3.07709179,
deep-notch,continuum,48000,129,1024,0.625,,,0.00229706266,1.47668144,15.3191071,43.2582116,2.36356229,
deep-notch,continuum,48000,129,1024,0.75,,,0.00177365851,1.18882876,20.3382694,50.1852685,1.54714321,
deep-notch,continuum,48000,129,1024,0.875,,,0.00123924289,1.15602124,11.9068869,57.0883231,0.771380021,
deep-notch,continuum,48000,129,1024,1,,,0.00203790368,1.55642082,14.2648269,64,8.64800027e-14,
deep-notch,continuum,48000,129,1024,1.125,,,0.00123924289,1.15602124,11.9068869,70.9116769,0.771380021,
deep-notch,continuum,48000,129,1024,1.25,,,0.00177365851,1.18882876,20.3382694,77.8147315,1.54714321,
deep-notch,continuum,48000,129,1024,1.375,,,0.00229706266,1.47668144,15.3191071,84.7417884,2.36356229,
deep-notch,continuum,48000,129,1024,1.5,,,0.00192329971,0.839866142,9.94209751,91.6802342,3.07709179,
deep-notch,continuum,48000,129,1024,1.625,,,0.00558075025,2.58693335,21.3422664,98.5353823,3.99768235,
deep-notch,continuum,48000,129,1024,1.75,,,0.0062082901,3.08331827,24.9408114,105.450064,4.67266418,
deep-notch,continuum,48000,129,1024,1.875,,,0.00232874631,2.21499951,19.6159971,112.42776,5.24241798,
deep-notch,continuum,48000,129,1024,2,,,7.19105202e-05,0.0837766963,1.19091633,119.365833,5.96875162,
deep-notch,factorisation,48000,129,1024,,0,,7.19105202e-05,0.0837766963,1.19091633,8.63416656,5.96875162,
deep-notch,factorisation,48000,129,1024,,4,,0.000493324454,0.202874275,2.54537815,12.6083274,5.96332268,
deep-notch,factorisation,48000,129,1024,,8,,0.0023182437,0.389024873,6.35647037,16.6265101,5.95175194,
deep-notch,factorisation,48000,129,1024,,12,,0.00238974777,0.446685919,5.27146026,20.7838145,5.77617053,
deep-notch,factorisation,48000,129,1024,,16,,0.00147101414,0.739188232,8.47215467,25.1900823,5.81177518,
deep-notch,factorisation,48000,129,1024,,20,,0.00732297219,0.907337668,9.76508342,27.9691727,5.58741449,
deep-notch,factorisation,48000,129,1024,,24,,0.00296164059,0.621298838,5.70426169,31.3015138,4.45060046,
deep-notch,factorisation,48000,129,1024,,28,,0.0030084538,0.64467945,6.19379349,35.5010576,4.12965693,
deep-notch,factorisation,48000,129,1024,,32,,0.00334131995,0.769865533,7.54419054,39.2869921,4.57087424,
deep-notch,factorisation,48000,129,1024,,36,,0.0138534797,1.48868454,22.9131058,43.337695,5.41527692,
deep-notch,factorisation,48000,129,1024,,40,,0.0136067877,1.28158615,13.6238787,45.2222902,3.49390841,
deep-notch,factorisation,48000,129,1024,,44,,0.00550272042,0.719494487,9.2267666,49.3653854,2.87988138,
deep-notch,factorisation,48000,129,1024,,48,,0.0073496979,0.885507721,9.80356471,52.2042621,1.97989358,
deep-notch,factorisation,48000,129,1024,,52,,0.00560289437,0.412461159,4.32157466,57.408093,1.78801549,
deep-notch,factorisation,48000,129,1024,,56,,0.00299895118,2.02439772,29.5120647,57.4654368,1.28849047,
deep-notch,factorisation,48000,129,1024,,60,,0.00202073661,1.19702875,10.9285444,61.1535136,0.866817358,
deep-notch,factorisation,48000,129,1024,,64,,0.00203790368,1.55642082,14.2648269,64,6.88137479e-14,
deep-notch,floor-probe,48000,129,1024,,,0.25,0.000912962591,0.0321377861,0.249999524,8.5938856,5.96790423,0
deep-notch,floor-probe,48000,129,1024,,,0.5,0.00300321538,0.0826801348,0.52698022,8.49078412,5.97403655,0
deep-notch,floor-probe,48000,129,1024,,,1,0.00938561029,0.193468281,1.00027705,8.1702731,5.98133629,0.000293309816
deep-notch,floor-probe,48000,129,1024,,,2,0.0353803764,0.513803688,2.00153108,6.67258465,7.18225015,0.000857130343
room-correction,continuum,48000,129,1024,0,,,0.000362513611,0.0232884322,0.273904236,0.501920795,1.21845563,
room-correction,continuum,48000,129,1024,0.125,,,0.00432788682,0.210781734,1.90179878,8.44719309,1.118647,
room-correction,continuum,48000,129,1024,0.25,,,0.00281397352,0.116768101,1.04570156,16.3812988,0.98431369,
room-correction,continuum,48000,129,1024,0.375,,,0.00402238565,0.190631057,1.56585295,24.3205758,0.860921129,
room-correction,continuum,48000,129,1024,0.5,,,0.00431424889,0.226133186,1.77700118,32.2560256,0.705864163,
room-correction,continuum,48000,129,1024,0.625,,,0.0039921868,0.213869687,1.93441213,40.1920117,0.532850082,
room-correction,continuum,48000,129,1024,0.75,,,0.0029119978,0.180409521,1.94904115,48.127014,0.357915724,
room-correction,continuum,48000,129,1024,0.875,,,0.00370492618,0.219643027,2.38762356,56.0636081,0.229753634,
room-correction,continuum,48000,129,1024,1,,,0.00331205022,0.19705397,2.01230681,64,7.60839452e-14,
room-correction,continuum,48000,129,1024,1.125,,,0.00370492618,0.219643027,2.38762356,71.9363919,0.229753634,
room-correction,continuum,48000,129,1024,1.25,,,0.0029119978,0.180409521,1.94904115,79.872986,0.357915724,
room-correction,continuum,48000,129,1024,1.375,,,0.0039921868,0.213869687,1.93441213,87.8079883,0.532850082,
room-correction,continuum,48000,129,1024,1.5,,,0.00431424889,0.226133186,1.77700118,95.7439744,0.705864163,
room-correction,continuum,48000,129,1024,1.625,,,0.00402238565,0.190631057,1.56585295,103.679424,0.860921129,
room-correction,continuum,48000,129,1024,1.75,,,0.00281397352,0.116768101,1.04570156,111.618701,0.98431369,
room-correction,continuum,48000,129,1024,1.875,,,0.00432788682,0.210781734,1.90179878,119.552807,1.118647,
room-correction,continuum,48000,129,1024,2,,,0.000362513611,0.0232884322,0.273904236,127.498079,1.21845563,
room-correction,factorisation,48000,129,1024,,0,,0.000362513611,0.0232884322,0.273904236,0.501920795,1.21845563,
room-correction,factorisation,48000,129,1024,,4,,0.000461533929,0.0306109349,0.349591818,4.5020818,1.2198869,
room-correction,factorisation,48000,129,1024,,8,,0.000666779889,0.0425577697,0.461912971,8.50236121,1.22145748,
room-correction,factorisation,48000,129,1024,,12,,0.00085622529,0.0556363147,0.670993111,12.5031084,1.22564366,
room-correction,factorisation,48000,129,1024,,16,,0.00131426496,0.079509889,0.907117778,16.5033986,1.22653374,
room-correction,factorisation,48000,129,1024,,20,,0.00162344746,0.102007999,1.03804567,20.5035768,1.22012406,
room-correction,factorisation,48000,129,1024,,24,,0.0016706554,0.103218896,1.06557292,24.5042118,1.2189885,
room-correction,factorisation,48000,129,1024,,28,,0.00302152652,0.149673207,1.52631588,28.5075928,1.21529626,
room-correction,factorisation,48000,129,1024,,32,,0.00330439946,0.169620352,1.71931938,32.5100165,1.22558507,
room-correction,factorisation,48000,129,1024,,36,,0.00437424009,0.198633176,1.99849518,36.5136664,1.21874669,
room-correction,factorisation,48000,129,1024,,40,,0.00547652436,0.23704788,2.43128046,40.5187206,1.18120367,
room-correction,factorisation,48000,129,1024,,44,,0.00817730943,0.284335826,2.6551265,44.49595,1.14370941,
room-correction,factorisation,48000,129,1024,,48,,0.013512839,0.436821208,3.95562307,48.4771312,0.963510705,
room-correction,factorisation,48000,129,1024,,52,,0.0192421011,0.538282396,4.60735635,52.464272,0.891216186,
room-correction,factorisation,48000,129,1024,,56,,0.0166317827,0.417987701,3.61135268,56.4536426,0.826174662,
room-correction,factorisation,48000,129,1024,,60,,0.0103039071,0.372194231,3.37833791,60.4988034,0.83945783,
room-correction,factorisation,48000,129,1024,,64,,0.00331205022,0.19705397,2.01230681,64,6.9313352e-14,
room-correction,floor-probe,48000,129,1024,,,0.25,0.00656673521,0.0770400421,0.257389298,0.465879195,1.14423279,1.28227613e-05
room-correction,floor-probe,48000,129,1024,,,0.5,0.014690522,0.168820592,0.530458378,0.423030959,1.15767664,0
room-correction,floor-probe,48000,129,1024,,,1,0.0373228291,0.395842251,1.13033687,0.323461871,1.39593334,3.84413313e-05
room-correction,floor-probe,48000,129,1024,,,2,0.0863192493,0.90065957,2.60306882,0.100309377,2.45287033,0.000112013356
steep-crossover,continuum,48000,129,1024,0,,,0.0122688845,54.9336354,66.470457,49.3696112,4.26932064,
steep-crossover,continuum,48000,129,1024,0.125,,,0.0129605028,54.8245283,67.5549724,51.2041358,3.75884267,
steep-crossover,continuum,48000,129,1024,0.25,,,0.0135880335,54.4833723,67.7900165,53.0365703,3.23457014,
steep-crossover,continuum,48000,129,1024,0.375,,,0.0140485857,53.8833254,67.3867097,54.8670117,2.70210051,
steep-crossover,continuum,48000,129,1024,0.5,,,0.0143908484,52.9877815,66.4066848,56.6956988,2.16489372,
steep-crossover,continuum,48000,129,1024,0.625,,,0.0146995348,51.7408038,64.7700747,58.5229707,1.62507843,
steep-crossover,continuum,48000,129,1024,0.75,,,0.0150125359,50.0528631,62.9728376,60.349203,1.08390748,
steep-crossover,continuum,48000,129,1024,0.875,,,0.0152827357,47.7860941,62.1000592,62.1747646,0.542083397,
steep-crossover,continuum,48000,129,1024,1,,,0.0153970423,45.1015079,61.828118,64,2.27737743e-14,
steep-crossover,continuum,48000,129,1024,1.125,,,0.0152827357,47.7860941,62.1000592,65.8252354,0.542083397,
steep-crossover,continuum,48000,129,1024,1.25,,,0.0150125359,50.0528631,62.9728376,67.650797,1.08390748,
steep-crossover,continuum,48000,129,1024,1.375,,,0.0146995348,51.7408038,64.7700747,69.4770293,1.62507843,
steep-crossover,continuum,48000,129,1024,1.5,,,0.0143908484,52.9877815,66.4066848,71.3043012,2.16489372,
steep-crossover,continuum,48000,129,1024,1.625,,,0.0140485857,53.8833254,67.3867097,73.1329883,2.70210051,
steep-crossover,continuum,48000,129,1024,1.75,,,0.0135880335,54.4833723,67.7900165,74.9634297,3.23457014,
steep-crossover,continuum,48000,129,1024,1.875,,,0.0129605028,54.8245283,67.5549724,76.7958642,3.75884267,
steep-crossover,continuum,48000,129,1024,2,,,0.0122688845,54.9336354,66.470457,78.6303888,4.26932064,
steep-crossover,factorisation,48000,129,1024,,0,,0.0122688845,54.9336354,66.470457,49.3696112,4.26932064,
steep-crossover,factorisation,48000,129,1024,,4,,0.41199697,32.5208079,50.3556822,49.3880614,4.31854113,
steep-crossover,factorisation,48000,129,1024,,8,,0.12195983,28.7699059,50.5698842,49.4550629,4.45611595,
steep-crossover,factorisation,48000,129,1024,,12,,0.0253035758,21.227824,40.1989139,49.533206,4.67074618,
steep-crossover,factorisation,48000,129,1024,,16,,0.0250945141,6.90119319,34.5220184,49.6141021,4.89171304,
steep-crossover,factorisation,48000,129,1024,,20,,0.0280225246,3.49416712,12.7373302,51.3333205,5.14518558,
steep-crossover,factorisation,48000,129,1024,,24,,0.0284894148,18.7517084,39.9227306,56.3146445,3.82769874,
steep-crossover,factorisation,48000,129,1024,,28,,0.0498787582,17.268852,39.8166525,58.3698874,2.60989809,
steep-crossover,factorisation,48000,129,1024,,32,,0.103719112,24.7793369,44.7789258,63.4968744,0.148465051,
steep-crossover,factorisation,48000,129,1024,,36,,0.081481479,11.0151186,28.8061082,65.2021376,0.131169039,
steep-crossover,factorisation,48000,129,1024,,40,,0.0564959425,19.6709519,45.5976046,66.6823452,0.0794524568,
steep-crossover,factorisation,48000,129,1024,,44,,0.0351710004,16.8241883,43.1770385,68.999527,0.0735228463,
steep-crossover,factorisation,48000,129,1024,,48,,0.0226866619,31.642246,52.5336075,70.4051988,0.147359044,
steep-crossover,factorisation,48000,129,1024,,52,,0.0176121159,35.6964985,56.9214475,70.1514823,0.065819273,
steep-crossover,factorisation,48000,129,1024,,56,,0.0176311958,33.5065619,58.7969041,66.7927357,0.176508966,
steep-crossover,factorisation,48000,129,1024,,60,,0.0159169001,24.182722,50.4120729,66.0123513,0.0130483381,
steep-crossover,factorisation,48000,129,1024,,64,,0.0153970423,45.1015079,61.828118,64,2.55240269e-14,
steep-crossover,floor-probe,48000,129,1024,,,0.25,0.0352701744,26.6748886,29.8354735,49.5972173,5.22444432,1.55298516
steep-crossover,floor-probe,48000,129,1024,,,0.5,0.031890086,29.1335335,35.5809295,49.6094637,5.07035761,0.0822746313
steep-crossover,floor-probe,48000,129,1024,,,1,0.0239399073,36.9376812,41.8176786,49.5190204,4.69864825,0.111619265
steep-crossover,floor-probe,48000,129,1024,,,2,0.0196151476,42.8381403,48.2821278,49.4430705,4.48211011,3.44786211e-05
